record_code,format_version,submission_date,reporting_agency,sampling_agency,recovery_id,species,run_year,recovery_date,recovery_date_type,period_type,period,fishery,gear,adclip_selective_fishery,estimation_level,recovery_location_code,sampling_site,recorded_mark,sex,weight,weight_code,weight_type,length,length_code,length_type,detection_method,tag_status,tag_code,tag_type,sequential_number,sequential_column_number,sequential_row_number,catch_sample_id,sample_type,sampled_maturity,sampled_run,sampled_length_range,sampled_sex,sampled_mark,estimated_number
"R","4.1","20090610","ODFW","ODFW","W4889","1","2003","20030908","R","6","37","10","10",,"4","5M2222404O2404  10","2404","5000",,,,,"740","0","1","V","1","0601000000","15",,,,"2003100097","1","4",,,,,"1.95"
"R","4.1","20060711","CDFW","CDFW","F70300","1","2004","20040930","R","1","01","54",,,"4","6FCSABUT","BUT","5000","F",,,,"733","0","1","V","1","0601000007","15",,,,"5415012004","1",,"1",,,,"2.15"
"R","4.1","20060711","CDFW","CDFW","F70302","1","2004","20041005","R","1","01","54",,,"4","6FCSABUT","BUT","5000","F",,,,"744","0","1","V","1","0601000007","15",,,,"5415012004","1",,"1",,,,"2.15"
"R","4.1","20060711","CDFW","CDFW","F70310","1","2004","20041007","R","1","01","54",,,"4","6FCSABUT","BUT","5000","M",,,,"840","0","1","V","1","0601000007","15",,,,"5415012004","1",,"1",,,,"2.15"
"R","4.1","20060711","CDFW","CDFW","F70314","1","2004","20041014","R","1","01","54",,,"4","6FCSABUT","BUT","5000","M",,,,"763","0","1","V","1","0601000007","15",,,,"5415012004","1",,"1",,,,"2.15"
"R","4.1","20080605","CDFW","CDFW","F10060517","1","2005","20051006","R","1","01","54",,,"4","6FCSABUT",,"5000","M",,,,"816","0","1","V","1","0601000007","15",,,,"FABUTSC05","1",,"1",,,,"1.53"
"R","4.1","20060711","CDFW","CDFW","91806","1","2004","20040714","R","3","13","10","00",,"3","6MO      PPPS","MON","5000",,,,,"735","0","1","V","1","0601000008","15",,,,"1015132004","1",,,,,,"3.32"
"R","4.1","20060711","CDFW","CDFW","F70301","1","2004","20041005","R","1","01","54",,,"4","6FCSABUT","BUT","5000","M",,,,"804","0","1","V","1","0601000008","15",,,,"5415012004","1",,"1",,,,"2.15"
"R","4.1","20060711","CDFW","CDFW","F70307","1","2004","20041007","R","1","01","54",,,"4","6FCSABUT","BUT","5000","F",,,,"641","0","1","V","1","0601000008","15",,,,"5415012004","1",,"1",,,,"2.15"
"R","4.1","20060711","CDFW","CDFW","F70309","1","2004","20041007","R","1","01","54",,,"4","6FCSABUT","BUT","5000","F",,,,"676","0","1","V","1","0601000008","15",,,,"5415012004","1",,"1",,,,"2.15"
"R","4.1","20060711","CDFW","CDFW","76009","1","2004","20040313","R","3","05","40","03",,"3","6MO      SFCV","SHC","5000",,,,,"666","0","1","V","1","0601000100","15",,,,"4013052004","1",,,,,,"3.53"
"R","4.1","20060711","CDFW","CDFW","77474","1","2004","20040409","R","3","07","40","03",,"3","6MO      PPPS","MON","5000",,,,,"623","0","1","V","1","0601000102","15",,,,"4015072004","1",,,,,,"4.73"
"R","4.1","20080605","CDFW","CDFW","F10130508","1","2005","20051013","R","1","01","54",,,"4","6FCSABUT",,"5000","M",,,,"907","0","1","V","1","0601000103","15",,,,"FABUTSC05","1",,"1",,,,"1.53"
"R","4.1","20060711","CDFW","CDFW","82024","1","2004","20040526","R","3","10","40","03",,"3","6MO      PAPR","BOD","5000",,,,,"687","0","1","V","1","0601000105","15",,,,"4014102004","1",,,,,,"3.64"
"R","4.1","20060711","CDFW","CDFW","F70306","1","2004","20041007","R","1","01","54",,,"4","6FCSABUT","BUT","5000","F",,,,"695","0","1","V","1","0601000106","15",,,,"5415012004","1",,"1",,,,"2.15"
"R","4.1","20080605","CDFW","CDFW","F10060504","1","2005","20051006","R","1","01","54",,,"4","6FCSABUT",,"5000","F",,,,"813","0","1","V","1","0601000107","15",,,,"FABUTSC05","1",,"1",,,,"1.53"
"R","4.1","20080605","CDFW","CDFW","13069","1","2005","20050918","R","3","18","10","00",,"3","6MO      PRPP","PRSF","5000",,,,,"849","0","1","V","1","0601000109","15",,,,"1014182005","1",,,,,,"1.74"
"R","4.1","20060711","CDFW","CDFW","58756","1","2002","20020711","R","3","13","40","03",,"3","6MO      PRPP","BER","5000",,,,,"485","0","1","V","1","0601000201","15",,,,"4014132002","1",,,,,,"4.31"
"R","4.1","20060711","CDFW","CDFW","F65529","1","2003","20030828","R","3","06","54",,,"4","6FCSABUT","BUT","5000","M",,,,"755","0","1","V","1","0601000201","15",,,,"5418012003","1",,"1",,,,"2.02"
"R","4.1","20060711","CDFW","CDFW","F65504","1","2003","20030805","R","3","06","54",,,"4","6FCSABUT","BUT","5000","F",,,,"743","0","1","V","1","0601000202","15",,,,"5418012003","1",,"1",,,,"2.02"
"R","4.1","20060711","CDFW","CDFW","F65522","1","2003","20030813","R","3","06","54",,,"4","6FCSABUT","BUT","5000","F",,,,"725","0","1","V","1","0601000202","15",,,,"5418012003","1",,"1",,,,"2.02"
"R","4.1","20090610","ODFW","ODFW","J0848","1","2003","20030418","R","6","16","10","10",,"4","5M2222405O2405  10","2405","5000",,,,,"630","0","1","V","1","0601000202","15",,,,"2003100066","1","4",,,,,"3.5"
"R","4.1","20060711","CDFW","CDFW","F65543","1","2003","20031009","R","3","03","54",,,"4","6FCSABUT","BUT","5000","M",,,,"778","0","1","V","1","0601000205","15",,,,"5415012003","1",,"1",,,,"1.53"
"R","4.1","20090610","ODFW","ODFW","W8831","1","2003","20031001","R","6","40","10","10",,"4","5M2222404O2404  10","2404","5000",,,,,"750","0","1","V","1","0601000205","15",,,,"2003100101","1","4",,,,,"2.85"
"R","4.1","20060711","CDFW","CDFW","F70308","1","2004","20041007","R","1","01","54",,,"4","6FCSABUT","BUT","5000","M",,,,"785","0","1","V","1","0601000206","15",,,,"5415012004","1",,"1",,,,"2.15"
"R","4.1","20060711","CDFW","CDFW","F70303","1","2004","20041005","R","1","01","54",,,"4","6FCSABUT","BUT","5000","M",,,,"843","0","1","V","1","0601000208","15",,,,"5415012004","1",,"1",,,,"2.15"
"R","4.1","20060711","CDFW","CDFW","F70311","1","2004","20041007","R","1","01","54",,,"4","6FCSABUT","BUT","5000","M",,,,"790","0","1","V","1","0601000209","15",,,,"5415012004","1",,"1",,,,"2.15"
"R","4.1","20060711","CDFW","CDFW","84788","1","2004","20040911","R","3","17","40","03",,"3","6MO      BGCB","EUR","5000",,,,,"534","0","1","V","1","0601000302","15",,,,"4012172004","1",,,,,,"3.81"
"R","4.1","20080605","CDFW","CDFW","F10040502","1","2005","20051004","R","1","01","54",,,"4","6FCSABUT",,"5000","M",,,,"745","0","1","V","1","0601000302","15",,,,"FABUTSC05","1",,"1",,,,"1.53"
"R","4.1","20080605","CDFW","CDFW","F10060509","1","2005","20051006","R","1","01","54",,,"4","6FCSABUT",,"5000","M",,,,"769","0","1","V","1","0601000302","15",,,,"FABUTSC05","1",,"1",,,,"1.53"
"R","4.1","20080605","CDFW","CDFW","F10130509","1","2005","20051013","R","1","01","54",,,"4","6FCSABUT",,"5000","M",,,,"622","0","1","V","1","0601000302","15",,,,"FABUTSC05","1",,"1",,,,"1.53"
"R","4.1","20080605","CDFW","CDFW","F10130511","1","2005","20051013","R","1","01","54",,,"4","6FCSABUT",,"5000","M",,,,"719","0","1","V","1","0601000302","15",,,,"FABUTSC05","1",,"1",,,,"1.53"
"R","4.1","20080605","CDFW","CDFW","F9290504","1","2005","20050929","R","1","01","54",,,"4","6FCSABUT",,"5000","M",,,,"641","0","1","V","1","0601000302","15",,,,"FABUTSC05","1",,"1",,,,"1.53"
"R","4.1","20080605","CDFW","CDFW","79909","1","2005","20050521","R","3","10","40","03",,"3","6MO      CVNH","FBFB","5000",,,,,"655","0","1","V","1","0601000302","15",,,,"4013102005","1",,,,,,"3.79"
"R","4.1","20080324","CDFW","CDFW","10030603","1","2006","20061003","R","1","01","54",,,"4","6FCSABUT",,"5009","F",,,,"759","0","1","V","1","0601000302","15",,,,"5412051106","1",,"1",,,,"1.49"
"R","4.1","20080324","CDFW","CDFW","10030608","1","2006","20061003","R","1","01","54",,,"4","6FCSABUT",,"5009","F",,,,"833","0","1","V","1","0601000302","15",,,,"5412051106","1",,"1",,,,"1.49"
"R","4.1","20080324","CDFW","CDFW","10040609","1","2006","20061004","R","1","01","54",,,"4","6FCSABUT",,"5009","M",,,,"759","0","1","V","1","0601000302","15",,,,"5412051106","1",,"1",,,,"1.49"
"R","4.1","20080324","CDFW","CDFW","10050614","1","2006","20061005","R","1","01","54",,,"4","6FCSABUT",,"5009","F",,,,"832","0","1","V","1","0601000302","15",,,,"5412051106","1",,"1",,,,"1.49"
"R","4.1","20080324","CDFW","CDFW","10100603","1","2006","20061010","R","1","01","54",,,"4","6FCSABUT",,"5009","F",,,,"831","0","1","V","1","0601000302","15",,,,"5412051106","1",,"1",,,,"1.49"
"R","4.1","20080324","CDFW","CDFW","9140602","1","2006","20060914","R","1","01","54",,,"4","6FCSABUT",,"5009","F",,,,"786","0","1","V","1","0601000302","15",,,,"5412051106","1",,"1",,,,"1.49"
"R","4.1","20170504","ODFW","ODFW","J8065","1","2004","20040712","R","6","29","40","11","N","4","5M2222204O2204  11","2204","5000",,,,,"530","0","1","V","1","0601000302","15",,,,"2004110094","1","4",,,,,"2.95"
"R","4.1","20060711","CDFW","CDFW","79031","1","2004","20040704","R","3","13","40","03",,"3","6MO      PAPR","BOD","5000",,,,,"496","0","1","V","1","0601000303","15",,,,"4014132004","1",,,,,,"4.29"
"R","4.1","20080605","CDFW","CDFW","F10040503","1","2005","20051004","R","1","01","54",,,"4","6FCSABUT",,"5000","F",,,,"745","0","1","V","1","0601000303","15",,,,"FABUTSC05","1",,"1",,,,"1.53"
"R","4.1","20080605","CDFW","CDFW","F10050502","1","2005","20051005","R","1","01","54",,,"4","6FCSABUT",,"5000","F",,,,"754","0","1","V","1","0601000303","15",,,,"FABUTSC05","1",,"1",,,,"1.53"
"R","4.1","20080605","CDFW","CDFW","F10050503","1","2005","20051005","R","1","01","54",,,"4","6FCSABUT",,"5000","F",,,,"733","0","1","V","1","0601000303","15",,,,"FABUTSC05","1",,"1",,,,"1.53"
"R","4.1","20080605","CDFW","CDFW","F10120501","1","2005","20051012","R","1","01","54",,,"4","6FCSABUT",,"5000","M",,,,"676","0","1","V","1","0601000303","15",,,,"FABUTSC05","1",,"1",,,,"1.53"
"R","4.1","20080605","CDFW","CDFW","F10130503","1","2005","20051013","R","1","01","54",,,"4","6FCSABUT",,"5000","F",,,,"647","0","1","V","1","0601000303","15",,,,"FABUTSC05","1",,"1",,,,"1.53"
"R","4.1","20080605","CDFW","CDFW","F9290505","1","2005","20050929","R","1","01","54",,,"4","6FCSABUT",,"5000","F",,,,"692","0","1","V","1","0601000303","15",,,,"FABUTSC05","1",,"1",,,,"1.53"
"R","4.1","20080605","CDFW","CDFW","F9290507","1","2005","20050929","R","1","01","54",,,"4","6FCSABUT",,"5000","M",,,,"700","0","1","V","1","0601000303","15",,,,"FABUTSC05","1",,"1",,,,"1.53"
"R","4.1","20080605","CDFW","CDFW","83307","1","2005","20050811","R","3","15","40","03",,"3","6MO      SFCV","SHFB","5000",,,,,"748","0","1","V","1","0601000303","15",,,,"4013152005","1",,,,,,"6.71"
"R","4.1","20080605","CDFW","CDFW","11504","1","2005","20050613","R","3","11","40","03",,"3","6MO      PPPS","SCMO","5000",,,,,"662","0","1","V","1","0601000303","15",,,,"4015112005","1",,,,,,"3.78"
"R","4.1","20080324","CDFW","CDFW","10050602","1","2006","20061005","R","1","01","54",,,"4","6FCSABUT",,"5009","F",,,,"753","0","1","V","1","0601000303","15",,,,"5412051106","1",,"1",,,,"1.49"
"R","4.1","20080324","CDFW","CDFW","10050619","1","2006","20061005","R","1","01","54",,,"4","6FCSABUT",,"5009","M",,,,"932","0","1","V","1","0601000303","15",,,,"5412051106","1",,"1",,,,"1.49"
"R","4.1","20080324","CDFW","CDFW","10050624","1","2006","20061005","R","1","01","54",,,"4","6FCSABUT",,"5009","F",,,,"776","0","1","V","1","0601000303","15",,,,"5412051106","1",,"1",,,,"1.49"
"R","4.1","20080324","CDFW","CDFW","10120612","1","2006","20061012","R","1","01","54",,,"4","6FCSABUT",,"5009","M",,,,"832","0","1","V","1","0601000303","15",,,,"5412051106","1",,"1",,,,"1.49"
"R","4.1","20080324","CDFW","CDFW","10120614","1","2006","20061012","R","1","01","54",,,"4","6FCSABUT",,"5009","M",,,,"709","0","1","V","1","0601000303","15",,,,"5412051106","1",,"1",,,,"1.49"
"R","4.1","20080324","CDFW","CDFW","10030609","1","2006","20061003","R","1","01","54",,,"4","6FCSABUT",,"5009","F",,,,"729","0","1","V","1","0601000304","15",,,,"5412051106","1",,"1",,,,"1.49"
"R","4.1","20080324","CDFW","CDFW","10120603","1","2006","20061012","R","1","01","54",,,"4","6FCSABUT",,"5009","F",,,,"681","0","1","V","1","0601000304","15",,,,"5412051106","1",,"1",,,,"1.49"
"R","4.1","20080324","CDFW","CDFW","9280606","1","2006","20060928","R","1","01","54",,,"4","6FCSABUT",,"5009","F",,,,"651","0","1","V","1","0601000304","15",,,,"5412051106","1",,"1",,,,"1.49"
"R","4.1","20090316","CDFW","CDFW","F06180701","1","2007","20070618","R","1","01","46",,,"4","6FCSABUT",,"5000","F",,,,"750","0","1","V","1","0601000304","15",,,,,"5",,"1",,,,"1.0"
"R","4.1","20090316","CDFW","CDFW","F10250703","1","2007","20071025","R","1","01","54",,,"4","6FCSABUT",,"5000","F",,,,"869","0","1","V","1","0601000304","15",,,,"FABUTSC07","1",,"1",,,,"1.36"
"R","4.1","20090316","CDFW","CDFW","FF00570","1","2007","20071004","C","1","01","54",,,"4","6FCSABUT",,"5000",,,,,,,,"V","1","0601000304","15",,,,"FABUTSC07","1",,"1",,,,"1.36"
"R","4.1","20080324","CDFW","CDFW","10050615","1","2006","20061005","R","1","01","54",,,"4","6FCSABUT",,"5009","F",,,,"669","0","1","V","1","0601000305","15",,,,"5412051106","1",,"1",,,,"1.49"
"R","4.1","20080324","CDFW","CDFW","10120611","1","2006","20061012","R","1","01","54",,,"4","6FCSABUT",,"5009","F",,,,"724","0","1","V","1","0601000305","15",,,,"5412051106","1",,"1",,,,"1.49"
"R","4.1","20080324","CDFW","CDFW","9280608","1","2006","20060928","R","1","01","54",,,"4","6FCSABUT",,"5009","M",,,,"700","0","1","V","1","0601000305","15",,,,"5412051106","1",,"1",,,,"1.49"
"R","4.1","20080324","CDFW","CDFW","10163","1","2006","20060709","R","3","13","40","03",,"3","6MO      CVNH","FBFB","5000",,,,,"718","0","1","V","1","0601000306","15",,,,"4013132006","1",,,,,,"4.2"
"R","4.1","20080324","CDFW","CDFW","18634","1","2006","20060729","R","3","14","10","00",,"3","6MO      PAPR","BOSF","5000",,,,,"825","0","1","V","1","0601000307","15",,,,"1014142006","1",,,,,,"3.18"
"R","4.1","20110223","ODFW","ODFW","J0780","1","2005","20050528","R","6","22","10","10","N","4","5M2223405O3405  10","3405","5000",,,,,"695","0","1","V","1","0601000308","15",,,,"2005100090","1","4",,,,,"1.9"
"R","4.1","20060711","CDFW","CDFW","78624","1","2004","20040727","R","3","14","40","03",,"3","6MO      PPPS","MOS","5000",,,,,"551","0","1","V","1","0601000400","15",,,,"4015142004","1",,,,,,"5.29"
"R","4.1","20060711","CDFW","CDFW","93136","1","2004","20040807","R","3","15","40","03",,"3","6MO      PAPR","BOD","5000",,,,,"521","0","1","V","1","0601000400","15",,,,"4014152004","1",,,,,,"3.21"
"R","4.1","20080605","CDFW","CDFW","F10060507","1","2005","20051006","R","1","01","54",,,"4","6FCSABUT",,"5000","M",,,,"789","0","1","V","1","0601000400","15",,,,"FABUTSC05","1",,"1",,,,"1.53"
"R","4.1","20080605","CDFW","CDFW","F10060510","1","2005","20051006","R","1","01","54",,,"4","6FCSABUT",,"5000","M",,,,"818","0","1","V","1","0601000400","15",,,,"FABUTSC05","1",,"1",,,,"1.53"
"R","4.1","20080605","CDFW","CDFW","F10060519","1","2005","20051006","R","1","01","54",,,"4","6FCSABUT",,"5000","F",,,,"681","0","1","V","1","0601000400","15",,,,"FABUTSC05","1",,"1",,,,"1.53"
"R","4.1","20080605","CDFW","CDFW","F10060520","1","2005","20051006","R","1","01","54",,,"4","6FCSABUT",,"5000","F",,,,"739","0","1","V","1","0601000400","15",,,,"FABUTSC05","1",,"1",,,,"1.53"
"R","4.1","20080605","CDFW","CDFW","F10110502","1","2005","20051011","R","1","01","54",,,"4","6FCSABUT",,"5000","F",,,,"663","0","1","V","1","0601000400","15",,,,"FABUTSC05","1",,"1",,,,"1.53"
"R","4.1","20080605","CDFW","CDFW","F10120502","1","2005","20051012","R","1","01","54",,,"4","6FCSABUT",,"5000","M",,,,"830","0","1","V","1","0601000400","15",,,,"FABUTSC05","1",,"1",,,,"1.53"
"R","4.1","20080605","CDFW","CDFW","F10130504","1","2005","20051013","R","1","01","54",,,"4","6FCSABUT",,"5000","M",,,,"698","0","1","V","1","0601000400","15",,,,"FABUTSC05","1",,"1",,,,"1.53"
"R","4.1","20080605","CDFW","CDFW","F10130506","1","2005","20051013","R","1","01","54",,,"4","6FCSABUT",,"5000","F",,,,"715","0","1","V","1","0601000400","15",,,,"FABUTSC05","1",,"1",,,,"1.53"
"R","4.1","20080605","CDFW","CDFW","F10130507","1","2005","20051013","R","1","01","54",,,"4","6FCSABUT",,"5000","F",,,,"723","0","1","V","1","0601000400","15",,,,"FABUTSC05","1",,"1",,,,"1.53"
"R","4.1","20080605","CDFW","CDFW","F10180501","1","2005","20051018","R","1","01","54",,,"4","6FCSABUT",,"5000","F",,,,"692","0","1","V","1","0601000400","15",,,,"FABUTSC05","1",,"1",,,,"1.53"
"R","4.1","20080605","CDFW","CDFW","F9290501","1","2005","20050929","R","1","01","54",,,"4","6FCSABUT",,"5000","M",,,,"782","0","1","V","1","0601000400","15",,,,"FABUTSC05","1",,"1",,,,"1.53"
"R","4.1","20080605","CDFW","CDFW","F9290502","1","2005","20050929","R","1","01","54",,,"4","6FCSABUT",,"5000","M",,,,"683","0","1","V","1","0601000400","15",,,,"FABUTSC05","1",,"1",,,,"1.53"
"R","4.1","20080605","CDFW","CDFW","F9290508","1","2005","20050929","R","1","01","54",,,"4","6FCSABUT",,"5000","M",,,,"819","0","1","V","1","0601000400","15",,,,"FABUTSC05","1",,"1",,,,"1.53"
"R","4.1","20080605","CDFW","CDFW","96807","1","2005","20050524","R","3","10","40","03",,"3","6MO      CVNH","FBFB","5000",,,,,"662","0","1","V","1","0601000400","15",,,,"4013102005","1",,,,,,"3.79"
"R","4.1","20080605","CDFW","CDFW","90754","1","2005","20050802","R","3","15","40","03",,"3","6MO      SFCV","SHFB","5000",,,,,"619","0","1","V","1","0601000400","15",,,,"4013152005","1",,,,,,"6.71"
"R","4.1","20080605","CDFW","CDFW","90772","1","2005","20050821","R","3","16","40","03",,"3","6MO      SFCV","SHFB","5000",,,,,"794","0","1","V","1","0601000400","15",,,,"4013162005","1",,,,,,"4.8"
"R","4.1","20080605","CDFW","CDFW","11507","1","2005","20050614","R","3","11","40","03",,"3","6MO      PPPS","SCMO","5000",,,,,"640","0","1","V","1","0601000400","15",,,,"4015112005","1",,,,,,"3.78"
"R","4.1","20080605","CDFW","CDFW","98294","1","2005","20050626","R","3","12","40","03",,"3","6MO      FRPP","BOSF","5000",,,,,"671","0","1","V","1","0601000400","15",,,,"4014122005","1",,,,,,"2.56"
"R","4.1","20080605","CDFW","CDFW","12151","1","2005","20050708","R","3","13","10","00",,"3","6MO      PRPP","PRSF","5000",,,,,"718","0","1","V","1","0601000400","15",,,,"1014132005","1",,,,,,"3.29"
"R","4.1","20080605","CDFW","CDFW","93435","1","2005","20050711","R","3","13","10","00",,"3","6MO      PAPR","FBSF","5000",,,,,"705","0","1","V","1","0601000400","15",,,,"1014132005","1",,,,,,"3.29"
"R","4.1","20080605","CDFW","CDFW","12847","1","2005","20050718","R","3","14","10","00",,"3","6MO      PRPP","SFSF","5000",,,,,"703","0","1","V","1","0601000400","15",,,,"1014142005","1",,,,,,"2.87"
"R","4.1","20080324","CDFW","CDFW","10030601","1","2006","20061003","R","1","01","54",,,"4","6FCSABUT",,"5009","F",,,,"656","0","1","V","1","0601000400","15",,,,"5412051106","1",,"1",,,,"1.49"
"R","4.1","20080324","CDFW","CDFW","10050604","1","2006","20061005","R","1","01","54",,,"4","6FCSABUT",,"5009","M",,,,"734","0","1","V","1","0601000400","15",,,,"5412051106","1",,"1",,,,"1.49"
"R","4.1","20080324","CDFW","CDFW","10050612","1","2006","20061005","R","1","01","54",,,"4","6FCSABUT",,"5009","M",,,,"971","0","1","V","1","0601000400","15",,,,"5412051106","1",,"1",,,,"1.49"
"R","4.1","20080324","CDFW","CDFW","10050618","1","2006","20061005","R","1","01","54",,,"4","6FCSABUT",,"5009","M",,,,"947","0","1","V","1","0601000400","15",,,,"5412051106","1",,"1",,,,"1.49"
"R","4.1","20080324","CDFW","CDFW","10050622","1","2006","20061005","R","1","01","54",,,"4","6FCSABUT",,"5009","F",,,,"857","0","1","V","1","0601000400","15",,,,"5412051106","1",,"1",,,,"1.49"
"R","4.1","20080324","CDFW","CDFW","10190604","1","2006","20061019","R","1","01","54",,,"4","6FCSABUT",,"5009","F",,,,"784","0","1","V","1","0601000400","15",,,,"5412051106","1",,"1",,,,"1.49"
"R","4.1","20170504","ODFW","ODFW","J7063","1","2004","20040711","R","6","28","40","11","N","4","5M2223205O3205  11","3205","5000",,,,,"595","0","1","V","1","0601000400","15",,,,"2004110180","1","4",,,,,"3.28"
"R","4.1","20170504","ODFW","ODFW","J7923","1","2004","20040821","R","6","34","40","11","N","4","5M2223005O3005  11","3005","5000",,,,,"511","0","1","V","1","0601000400","15",,,,"2004110167","1","4",,,,,"1.95"
"R","4.1","20170504","ODFW","ODFW","J3914","1","2004","20040905","R","6","36","40","11","N","4","5M2223205O3205  11","3205","5000",,,,,"625","0","1","V","1","0601000400","15",,,,"2004110196","1","4",,,,,"2.69"
"R","4.1","20110223","ODFW","ODFW","J3477","1","2005","20050514","R","6","20","10","10","N","4","5M2223405O3405  10","3405","5000",,,,,"715","0","1","V","1","0601000400","15",,,,"2005100087","1","4",,,,,"2.6"
"R","4.1","20110223","ODFW","ODFW","J6417","1","2005","20050623","R","6","26","10","10","N","4","5M2222404O2404  10","2404","5000",,,,,"710","0","1","V","1","0601000400","15",,,,"2005100071","1","4",,,,,"2"
"R","4.1","20110223","ODFW","ODFW","J5807","1","2005","20050905","R","6","37","10","10","N","4","5M2222404O2404  10","2404","5000",,,,,"690","0","1","V","1","0601000400","15",,,,"2005100074","1","4",,,,,"2.14"
"R","4.1","20110223","ODFW","ODFW","J3587","1","2005","20050906","R","6","37","10","10","N","4","5M2223405O3405  10","3405","5000",,,,,"695","0","1","V","1","0601000400","15",,,,"2005100097","1","4",,,,,"3.92"
"R","4.1","20110223","ODFW","ODFW","J4391","1","2005","20050915","R","6","38","10","10","N","4","5M2223405O3405  10","3405","5000",,,,,"652","0","1","V","1","0601000400","15",,,,"2005100098","1","4",,,,,"2.5"
"R","4.1","20110223","ODFW","ODFW","J2632","1","2005","20051001","R","6","40","40","11","N","4","5M2224206O4206  11","4206","5000",,,,,"683","0","1","V","1","0601000400","15",,,,"2005110169","1","4",,,,,"1.32"
"R","4.1","20080324","CDFW","CDFW","56168","1","2006","20061024","R","1","01","54",,,"5","6FCSASAF ABRB",,"5009","F",,,,"782","0","1","V","1","0601000401","15",,,,"5412153406","4",,"3",,,,"1.0"
"R","4.1","20060711","CDFW","CDFW","75958","1","2004","20040627","R","3","12","40","03",,"3","6MO      CVNH","FTB","5000",,,,,"618","0","1","V","1","0601000401","15",,,,"4013122004","1",,,,,,"5.08"
"R","4.1","20080605","CDFW","CDFW","F10060502","1","2005","20051006","R","1","01","54",,,"4","6FCSABUT",,"5000","F",,,,"677","0","1","V","1","0601000401","15",,,,"FABUTSC05","1",,"1",,,,"1.53"
"R","4.1","20080605","CDFW","CDFW","F10060508","1","2005","20051006","R","1","01","54",,,"4","6FCSABUT",,"5000","F",,,,"684","0","1","V","1","0601000401","15",,,,"FABUTSC05","1",,"1",,,,"1.53"
"R","4.1","20080605","CDFW","CDFW","F10060513","1","2005","20051006","R","1","01","54",,,"4","6FCSABUT",,"5000","F",,,,"759","0","1","V","1","0601000401","15",,,,"FABUTSC05","1",,"1",,,,"1.53"
"R","4.1","20080605","CDFW","CDFW","F10060514","1","2005","20051006","R","1","01","54",,,"4","6FCSABUT",,"5000","F",,,,"751","0","1","V","1","0601000401","15",,,,"FABUTSC05","1",,"1",,,,"1.53"
"R","4.1","20080605","CDFW","CDFW","F10110501","1","2005","20051011","R","1","01","54",,,"4","6FCSABUT",,"5000","F",,,,"751","0","1","V","1","0601000401","15",,,,"FABUTSC05","1",,"1",,,,"1.53"
"R","4.1","20080605","CDFW","CDFW","F10110503","1","2005","20051011","R","1","01","54",,,"4","6FCSABUT",,"5000","F",,,,"724","0","1","V","1","0601000401","15",,,,"FABUTSC05","1",,"1",,,,"1.53"
"R","4.1","20080605","CDFW","CDFW","83315","1","2005","20050815","R","3","15","40","03",,"3","6MO      SFCV","SHFB","5000",,,,,"742","0","1","V","1","0601000401","15",,,,"4013152005","1",,,,,,"6.71"
"R","4.1","20080605","CDFW","CDFW","10849","1","2005","20050707","R","3","13","10","00",,"3","6MO      PSMB","MRMO","5000",,,,,"751","0","1","V","1","0601000401","15",,,,"1015132005","1",,,,,,"3.96"
"R","4.1","20080605","CDFW","CDFW","99919","1","2005","20050711","R","3","13","10","00",,"3","6MO      PAPP","SFSF","5000",,,,,"716","0","1","V","1","0601000401","15",,,,"1014132005","1",,,,,,"3.29"
"R","4.1","20080605","CDFW","CDFW","13725","1","2005","20050728","R","3","14","10","00",,"3","6MO      PAPR","BOSF","5000",,,,,"736","0","1","V","1","0601000401","15",,,,"1014142005","1",,,,,,"2.87"
"R","4.1","20080605","CDFW","CDFW","79997","1","2005","20050801","R","3","15","10","00",,"3","6MO      PAPR","FBSF","5000",,,,,"689","0","1","V","1","0601000401","15",,,,"1014152005","1",,,,,,"3.3"
"R","4.1","20080324","CDFW","CDFW","10050608","1","2006","20061005","R","1","01","54",,,"4","6FCSABUT",,"5009","F",,,,"834","0","1","V","1","0601000401","15",,,,"5412051106","1",,"1",,,,"1.49"
"R","4.1","20080324","CDFW","CDFW","10190601","1","2006","20061019","R","1","01","54",,,"4","6FCSABUT",,"5009","M",,,,"889","0","1","V","1","0601000401","15",,,,"5412051106","1",,"1",,,,"1.49"
"R","4.1","20080324","CDFW","CDFW","10190602","1","2006","20061019","R","1","01","54",,,"4","6FCSABUT",,"5009","F",,,,"921","0","1","V","1","0601000401","15",,,,"5412051106","1",,"1",,,,"1.49"
"R","4.1","20110223","ODFW","ODFW","J2381","1","2005","20050505","R","6","19","10","10","N","4","5M2223404O3404  10","3404","5000",,,,,"708","0","1","V","1","0601000401","15",,,,"2005100084","1","4",,,,,"1.21"
"R","4.1","20110223","ODFW","ODFW","J1427","1","2005","20050828","R","6","35","40","11","N","4","5M2222404O2404  11","2404","5000",,,,,"706","0","1","V","1","0601000401","15",,,,"2005110102","1","4",,,,,"1.81"
"R","4.1","20160707","USFWS","USFWS","06-30023","1","2006","20061003","R","1","01","50","50","N","6","6FCSABAT CNFH","CNFH","5000","F",,,,"843","0","1","V","1","0601000401","15",,,,"20061302","1","4",,,,"5000","1"
"R","4.1","20080324","CDFW","CDFW","69613","1","2006","20061005","R","1","01","54",,,"5","6FCSASAF ABRB",,"5009","F",,,,"791","0","1","V","1","0601000402","15",,,,"5412153406","4",,"3",,,,"1.0"
"R","4.1","20080605","CDFW","CDFW","F10050504","1","2005","20051005","R","1","01","54",,,"4","6FCSABUT",,"5000","M",,,,"755","0","1","V","1","0601000402","15",,,,"FABUTSC05","1",,"1",,,,"1.53"
"R","4.1","20080605","CDFW","CDFW","F10060506","1","2005","20051006","R","1","01","54",,,"4","6FCSABUT",,"5000","M",,,,"759","0","1","V","1","0601000402","15",,,,"FABUTSC05","1",,"1",,,,"1.53"
"R","4.1","20080605","CDFW","CDFW","F9290509","1","2005","20050929","R","1","01","54",,,"4","6FCSABUT",,"5000","F",,,,"710","0","1","V","1","0601000402","15",,,,"FABUTSC05","1",,"1",,,,"1.53"
"R","4.1","20080605","CDFW","CDFW","95138","1","2005","20050417","R","3","08","40","03",,"3","6MO      PPPS","MNMO","5000",,,,,"670","0","1","V","1","0601000402","15",,,,"4015082005","1",,,,,,"3.74"
"R","4.1","20080605","CDFW","CDFW","93472","1","2005","20050711","R","3","13","10","00",,"3","6MO      PAPR","FBSF","5000",,,,,"674","0","1","V","1","0601000402","15",,,,"1014132005","1",,,,,,"3.29"
"R","4.1","20080324","CDFW","CDFW","10100602","1","2006","20061010","R","1","01","54",,,"4","6FCSABUT",,"5009","F",,,,"874","0","1","V","1","0601000402","15",,,,"5412051106","1",,"1",,,,"1.49"
"R","4.1","20080324","CDFW","CDFW","10190603","1","2006","20061019","R","1","01","54",,,"4","6FCSABUT",,"5009","F",,,,"804","0","1","V","1","0601000402","15",,,,"5412051106","1",,"1",,,,"1.49"
"R","4.1","20080324","CDFW","CDFW","15371","1","2006","20060902","R","3","17","10","00",,"3","6MO      SFPA","FBFB","5000",,,,,"729","0","1","V","1","0601000403","15",,,,"1013172006","1",,,,,,"1.52"
"R","4.1","20080324","CDFW","CDFW","18592","1","2006","20060901","R","3","17","10","00",,"3","6MO      SFPA","FBFB","5000",,,,,"765","0","1","V","1","0601000403","15",,,,"1013172006","1",,,,,,"1.52"
"R","4.1","20080324","CDFW","CDFW","90471","1","2006","20060531","R","3","10","10","00",,"3","6MO      PPPS","PRMO","5000",,,,,"718","0","1","V","1","0601000403","15",,,,"1015102006","1",,,,,,"3.23"
"R","4.1","20080324","CDFW","CDFW","10040607","1","2006","20061004","R","1","01","54",,,"4","6FCSABUT",,"5009","M",,,,"789","0","1","V","1","0601000403","15",,,,"5412051106","1",,"1",,,,"1.49"
"R","4.1","20080324","CDFW","CDFW","10120605","1","2006","20061012","R","1","01","54",,,"4","6FCSABUT",,"5009","M",,,,"869","0","1","V","1","0601000403","15",,,,"5412051106","1",,"1",,,,"1.49"
"R","4.1","20080324","CDFW","CDFW","10190605","1","2006","20061019","R","1","01","54",,,"4","6FCSABUT",,"5009","M",,,,"876","0","1","V","1","0601000403","15",,,,"5412051106","1",,"1",,,,"1.49"
"R","4.1","20080324","CDFW","CDFW","9270602","1","2006","20060927","R","1","01","54",,,"4","6FCSABUT",,"5009","M",,,,"699","0","1","V","1","0601000403","15",,,,"5412051106","1",,"1",,,,"1.49"
"R","4.1","20090316","CDFW","CDFW","F10230701","1","2007","20071023","R","1","01","54",,,"4","6FCSABUT",,"5000","F",,,,"762","0","1","V","1","0601000403","15",,,,"FABUTSC07","1",,"1",,,,"1.36"
"R","4.1","20090316","CDFW","CDFW","F10300701","1","2007","20071030","R","1","01","54",,,"4","6FCSABUT",,"5000","F",,,,"870","0","1","V","1","0601000403","15",,,,"FABUTSC07","1",,"1",,,,"1.36"
"R","4.1","20080605","CDFW","CDFW","11623","1","2005","20050715","R","3","13","40","03",,"3","6MO      PPPS","MNMO","5000",,,,,"491","0","1","V","1","0601000404","15",,,,"4015132005","1",,,,,,"4.95"
"R","4.1","20080324","CDFW","CDFW","10040604","1","2006","20061004","R","1","01","54",,,"4","6FCSABUT",,"5009","M",,,,"753","0","1","V","1","0601000404","15",,,,"5412051106","1",,"1",,,,"1.49"
"R","4.1","20080324","CDFW","CDFW","9280607","1","2006","20060928","R","1","01","54",,,"4","6FCSABUT",,"5009","F",,,,"668","0","1","V","1","0601000404","15",,,,"5412051106","1",,"1",,,,"1.49"
"R","4.1","20080324","CDFW","CDFW","10120613","1","2006","20061012","R","1","01","54",,,"4","6FCSABUT",,"5009","M",,,,"791","0","1","V","1","0601000405","15",,,,"5412051106","1",,"1",,,,"1.49"
"R","4.1","20080324","CDFW","CDFW","9270601","1","2006","20060927","R","1","01","54",,,"4","6FCSABUT",,"5009","F",,,,"646","0","1","V","1","0601000405","15",,,,"5412051106","1",,"1",,,,"1.49"
"R","4.1","20080324","CDFW","CDFW","9280601","1","2006","20060928","R","1","01","54",,,"4","6FCSABUT",,"5009","M",,,,"604","0","1","V","1","0601000405","15",,,,"5412051106","1",,"1",,,,"1.49"
"R","4.1","20080324","CDFW","CDFW","9280604","1","2006","20060928","R","1","01","54",,,"4","6FCSABUT",,"5009","M",,,,"671","0","1","V","1","0601000405","15",,,,"5412051106","1",,"1",,,,"1.49"
"R","4.1","20090316","CDFW","CDFW","F10040704","1","2007","20071004","R","1","01","54",,,"4","6FCSABUT",,"5000","M",,,,"929","0","1","V","1","0601000405","15",,,,"FABUTSC07","1",,"1",,,,"1.36"
"R","4.1","20080324","CDFW","CDFW","19931","1","2006","20060729","R","3","14","10","00",,"3","6MO      PAPR","SFSF","5000",,,,,"751","0","1","V","1","0601000406","15",,,,"1014142006","1",,,,,,"3.18"
"R","4.1","20080324","CDFW","CDFW","10040610","1","2006","20061004","R","1","01","54",,,"4","6FCSABUT",,"5009","F",,,,"678","0","1","V","1","0601000406","15",,,,"5412051106","1",,"1",,,,"1.49"
"R","4.1","20080605","CDFW","CDFW","12244","1","2005","20050721","R","3","14","40","03",,"3","6MO      FRPP","PRSF","5000",,,,,"460","0","1","V","1","0601000407","15",,,,"4014142005","1",,,,,,"3.12"
"R","4.1","20080324","CDFW","CDFW","18070","1","2006","20060903","R","3","17","40","03",,"3","6MO      BGCB","EUEU","5000",,,,,"731","0","1","V","1","0601000407","15",,,,"4012172006","1",,,,,,"4.5"
"R","4.1","20090316","CDFW","CDFW","F07170701","1","2007","20070717","R","1","01","54",,,"4","6FCSABUT",,"5000","F",,,,"770","0","1","V","1","0601000407","15",,,,"FABUTSC07","1",,"1",,,,"1.36"
"R","4.1","20080324","CDFW","CDFW","10110601","1","2006","20061011","R","1","01","54",,,"4","6FCSABUT",,"5009","M",,,,"689","0","1","V","1","0601000408","15",,,,"5412051106","1",,"1",,,,"1.49"
"R","4.1","20080324","CDFW","CDFW","10120602","1","2006","20061012","R","1","01","54",,,"4","6FCSABUT",,"5009","M",,,,"670","0","1","V","1","0601000408","15",,,,"5412051106","1",,"1",,,,"1.49"
"R","4.1","20080324","CDFW","CDFW","10120606","1","2006","20061012","R","1","01","54",,,"4","6FCSABUT",,"5009","F",,,,"804","0","1","V","1","0601000408","15",,,,"5412051106","1",,"1",,,,"1.49"
"R","4.1","20090316","CDFW","CDFW","F10040717","1","2007","20071004","R","1","01","54",,,"4","6FCSABUT",,"5000","F",,,,"790","0","1","V","1","0601000408","15",,,,"FABUTSC07","1",,"1",,,,"1.36"
"R","4.1","20080324","CDFW","CDFW","10153","1","2006","20060701","R","3","13","40","03",,"3","6MO      CVNH","FBFB","5000",,,,,"741","0","1","V","1","0601000409","15",,,,"4013132006","1",,,,,,"4.2"
"R","4.1","20080324","CDFW","CDFW","10050613","1","2006","20061005","R","1","01","54",,,"4","6FCSABUT",,"5009","F",,,,"634","0","1","V","1","0601000409","15",,,,"5412051106","1",,"1",,,,"1.49"
"R","4.1","20090316","CDFW","CDFW","F10110705","1","2007","20071011","R","1","01","54",,,"4","6FCSABUT",,"5000","F",,,,"879","0","1","V","1","0601000409","15",,,,"FABUTSC07","1",,"1",,,,"1.36"
"R","4.1","20080324","CDFW","CDFW","14920","1","2006","20060604","R","3","11","40","03",,"3","6MO      FRPP","SFSF","5000",,,,,"701","0","1","V","1","0601000500","15",,,,"4014112006","1",,,,,,"3.04"
"R","4.1","20080324","CDFW","CDFW","10050623","1","2006","20061005","R","1","01","54",,,"4","6FCSABUT",,"5009","M",,,,"782","0","1","V","1","0601000500","15",,,,"5412051106","1",,"1",,,,"1.49"
"R","4.1","20090316","CDFW","CDFW","F08210701","1","2007","20070821","R","1","01","54",,,"4","6FCSABUT",,"5000","M",,,,"966","0","1","V","1","0601000500","15",,,,"FABUTSC07","1",,"1",,,,"1.36"
"R","4.1","20080324","CDFW","CDFW","18571","1","2006","20060808","R","3","15","10","00",,"3","6MO      PAPR","FBSF","5000",,,,,"730","0","1","V","1","0601000502","15",,,,"1014152006","1",,,,,,"2.99"
"R","4.1","20080324","CDFW","CDFW","10040608","1","2006","20061004","R","1","01","54",,,"4","6FCSABUT",,"5009","F",,,,"711","0","1","V","1","0601000502","15",,,,"5412051106","1",,"1",,,,"1.49"
"R","4.1","20080324","CDFW","CDFW","10120604","1","2006","20061012","R","1","01","54",,,"4","6FCSABUT",,"5009","F",,,,"744","0","1","V","1","0601000502","15",,,,"5412051106","1",,"1",,,,"1.49"
"R","4.1","20080324","CDFW","CDFW","20216","1","2006","20060914","R","3","17","10","00",,"3","6MO      PAPR","BOSF","5000",,,,,"755","0","1","V","1","0601000503","15",,,,"1014172006","1",,,,,,"2.54"
"R","4.1","20080324","CDFW","CDFW","10030605","1","2006","20061003","R","1","01","54",,,"4","6FCSABUT",,"5009","F",,,,"692","0","1","V","1","0601000503","15",,,,"5412051106","1",,"1",,,,"1.49"
"R","4.1","20090316","CDFW","CDFW","F10090709","1","2007","20071009","R","1","01","54",,,"4","6FCSABUT",,"5000","M",,,,"877","0","1","V","1","0601000503","15",,,,"FABUTSC07","1",,"1",,,,"1.36"
"R","4.1","20080324","CDFW","CDFW","9280603","1","2006","20060928","R","1","01","54",,,"4","6FCSABUT",,"5009","M",,,,"729","0","1","V","1","0601000504","15",,,,"5412051106","1",,"1",,,,"1.49"
"R","4.1","20090316","CDFW","CDFW","F10040712","1","2007","20071004","R","1","01","54",,,"4","6FCSABUT",,"5000","M",,,,"641","0","1","V","1","0601000505","15",,,,"FABUTSC07","1",,"1",,,,"1.36"
"R","4.1","20090316","CDFW","CDFW","F10040720","1","2007","20071004","R","1","01","54",,,"4","6FCSABUT",,"5000","F",,,,"665","0","1","V","1","0601000505","15",,,,"FABUTSC07","1",,"1",,,,"1.36"
"R","4.1","20090316","CDFW","CDFW","F10090702","1","2007","20071009","R","1","01","54",,,"4","6FCSABUT",,"5000","M",,,,"857","0","1","V","1","0601000505","15",,,,"FABUTSC07","1",,"1",,,,"1.36"
"R","4.1","20090316","CDFW","CDFW","F10180701","1","2007","20071018","R","1","01","54",,,"4","6FCSABUT",,"5000","F",,,,"724","0","1","V","1","0601000505","15",,,,"FABUTSC07","1",,"1",,,,"1.36"
"R","4.1","20080324","CDFW","CDFW","18578","1","2006","20060823","R","3","16","10","00",,"3","6MO      PAPR","FBSF","5000",,,,,"755","0","1","V","1","0601000506","15",,,,"1014162006","1",,,,,,"2.77"
"R","4.1","20080324","CDFW","CDFW","19071","1","2006","20060702","R","3","13","40","03",,"3","6MO      FRPP","SASF","5000",,,,,"699","0","1","V","1","0601000506","15",,,,"4014132006","1",,,,,,"3.99"
"R","4.1","20080324","CDFW","CDFW","19164","1","2006","20060703","R","3","13","40","03",,"3","6MO      FRPP","BOSF","5000",,,,,"656","0","1","V","1","0601000506","15",,,,"4014132006","1",,,,,,"3.99"
"R","4.1","20080324","CDFW","CDFW","8170601","1","2006","20060817","R","1","01","54",,,"4","6FCSABUT",,"5009","F",,,,"655","0","1","V","1","0601000506","15",,,,"5412051106","1",,"1",,,,"1.49"
"R","4.1","20090316","CDFW","CDFW","F10020703","1","2007","20071002","R","1","01","54",,,"4","6FCSABUT",,"5000","F",,,,"792","0","1","V","1","0601000506","15",,,,"FABUTSC07","1",,"1",,,,"1.36"
"R","4.1","20080324","CDFW","CDFW","19067","1","2006","20060701","R","3","13","40","03",,"3","6MO      FRPP","SASF","5000",,,,,"734","0","1","V","1","0601000507","15",,,,"4014132006","1",,,,,,"3.99"
"R","4.1","20080324","CDFW","CDFW","10050607","1","2006","20061005","R","1","01","54",,,"4","6FCSABUT",,"5009","M",,,,"779","0","1","V","1","0601000507","15",,,,"5412051106","1",,"1",,,,"1.49"
"R","4.1","20090316","CDFW","CDFW","F10040713","1","2007","20071004","R","1","01","54",,,"4","6FCSABUT",,"5000","M",,,,"833","0","1","V","1","0601000507","15",,,,"FABUTSC07","1",,"1",,,,"1.36"
"R","4.1","20080324","CDFW","CDFW","9280602","1","2006","20060928","R","1","01","54",,,"4","6FCSABUT",,"5009","M",,,,"669","0","1","V","1","0601000508","15",,,,"5412051106","1",,"1",,,,"1.49"
"R","4.1","20080324","CDFW","CDFW","10050601","1","2006","20061005","R","1","01","54",,,"4","6FCSABUT",,"5009","M",,,,"712","0","1","V","1","0601000509","15",,,,"5412051106","1",,"1",,,,"1.49"
"R","4.1","20080324","CDFW","CDFW","10120608","1","2006","20061012","R","1","01","54",,,"4","6FCSABUT",,"5009","M",,,,"770","0","1","V","1","0601000509","15",,,,"5412051106","1",,"1",,,,"1.49"
"R","4.1","20080324","CDFW","CDFW","9140601","1","2006","20060914","R","1","01","54",,,"4","6FCSABUT",,"5009","M",,,,"772","0","1","V","1","0601000509","15",,,,"5412051106","1",,"1",,,,"1.49"
"R","4.1","20090316","CDFW","CDFW","F10110702","1","2007","20071011","R","1","01","54",,,"4","6FCSABUT",,"5000","M",,,,"1106","0","1","V","1","0601000509","15",,,,"FABUTSC07","1",,"1",,,,"1.36"
"R","4.1","20080324","CDFW","CDFW","10040605","1","2006","20061004","R","1","01","54",,,"4","6FCSABUT",,"5009","F",,,,"678","0","1","V","1","0601000600","15",,,,"5412051106","1",,"1",,,,"1.49"
"R","4.1","20080324","CDFW","CDFW","10050605","1","2006","20061005","R","1","01","54",,,"4","6FCSABUT",,"5009","F",,,,"715","0","1","V","1","0601000600","15",,,,"5412051106","1",,"1",,,,"1.49"
"R","4.1","20080324","CDFW","CDFW","10040602","1","2006","20061004","R","1","01","54",,,"4","6FCSABUT",,"5009","M",,,,"763","0","1","V","1","0601000601","15",,,,"5412051106","1",,"1",,,,"1.49"
"R","4.1","20090316","CDFW","CDFW","F10090706","1","2007","20071009","R","1","01","54",,,"4","6FCSABUT",,"5000","F",,,,"897","0","1","V","1","0601000601","15",,,,"FABUTSC07","1",,"1",,,,"1.36"
"R","4.1","20090316","CDFW","CDFW","F10040701","1","2007","20071004","R","1","01","54",,,"4","6FCSABUT",,"5000","M",,,,"631","0","1","V","1","0601000602","15",,,,"FABUTSC07","1",,"1",,,,"1.36"
"R","4.1","20090316","CDFW","CDFW","F10090707","1","2007","20071009","R","1","01","54",,,"4","6FCSABUT",,"5000","M",,,,"735","0","1","V","1","0601000602","15",,,,"FABUTSC07","1",,"1",,,,"1.36"
"R","4.1","20090316","CDFW","CDFW","F10110701","1","2007","20071011","R","1","01","54",,,"4","6FCSABUT",,"5000","F",,,,"711","0","1","V","1","0601000602","15",,,,"FABUTSC07","1",,"1",,,,"1.36"
"R","4.1","20090316","CDFW","CDFW","F09200701","1","2007","20070920","R","1","01","54",,,"4","6FCSABUT",,"5000","F",,,,"694","0","1","V","1","0601000603","15",,,,"FABUTSC07","1",,"1",,,,"1.36"
"R","4.1","20090316","CDFW","CDFW","F10090714","1","2007","20071009","R","1","01","54",,,"4","6FCSABUT",,"5000","F",,,,"743","0","1","V","1","0601000603","15",,,,"FABUTSC07","1",,"1",,,,"1.36"
"R","4.1","20080324","CDFW","CDFW","13349","1","2006","20060616","R","3","12","40","03",,"3","6MO      FRPP","BOSF","5000",,,,,"466","0","1","V","1","0601000700","15",,,,"4014122006","1",,,,,,"3.28"
"R","4.1","20090316","CDFW","CDFW","24105","1","2007","20070602","R","3","11","40","03",,"3","6MO      BGCB","TREU","5000",,,,,"762","0","1","V","1","0601000700","15",,,,"4012112007","1",,,,,,"4.92"
"R","4.1","20090316","CDFW","CDFW","F07020701","1","2007","20070702","R","1","01","54",,,"4","6FCSABUT",,"5000","F",,,,"811","0","1","V","1","0601000701","15",,,,,"5",,"1",,,,"1.0"
"R","4.1","20090316","CDFW","CDFW","F10020702","1","2007","20071002","R","1","01","54",,,"4","6FCSABUT",,"5000","F",,,,"654","0","1","V","1","0601000703","15",,,,"FABUTSC07","1",,"1",,,,"1.36"
"R","4.1","20090316","CDFW","CDFW","F10040716","1","2007","20071004","R","1","01","54",,,"4","6FCSABUT",,"5000","M",,,,"760","0","1","V","1","0601000703","15",,,,"FABUTSC07","1",,"1",,,,"1.36"
"R","4.1","20090316","CDFW","CDFW","F10040721","1","2007","20071004","R","1","01","54",,,"4","6FCSABUT",,"5000","M",,,,"775","0","1","V","1","0601000703","15",,,,"FABUTSC07","1",,"1",,,,"1.36"
"R","4.1","20090316","CDFW","CDFW","F10020701","1","2007","20071002","R","1","01","54",,,"4","6FCSABUT",,"5000","F",,,,"814","0","1","V","1","0601000704","15",,,,"FABUTSC07","1",,"1",,,,"1.36"
"R","4.1","20090316","CDFW","CDFW","F10110710","1","2007","20071011","R","1","01","54",,,"4","6FCSABUT",,"5000","F",,,,"719","0","1","V","1","0601000704","15",,,,"FABUTSC07","1",,"1",,,,"1.36"
"R","4.1","20091112","CDFW","CDFW","F91200","1","2008","20080923","R","1","01","54",,"N","4","6FCSABUT","BUT","5000","F",,,,"879","0","1","V","1","0601000704","15",,,,"08BUT541","1","4","1",,,,"7.71"
"R","4.1","20101208","CDFW","CDFW","F97234","1","2009","20090930","R","1","01","54",,"N","4","6FCSABUT","BUT","5000","F",,,,"828","0","1","V","1","0601000705","15",,,,"09BUT541","1",,,,,,"1.18"
"R","4.1","20080605","CDFW","CDFW","F9290506","1","2005","20050929","R","1","01","54",,,"4","6FCSABUT",,"5000","M",,,,"424","0","1","V","1","0601000801","15",,,,"FABUTSC05","1",,"1",,,,"1.53"
"R","4.1","20080324","CDFW","CDFW","10050606","1","2006","20061005","R","1","01","54",,,"4","6FCSABUT",,"5009","M",,,,"752","0","1","V","1","0601000801","15",,,,"5412051106","1",,"1",,,,"1.49"
"R","4.1","20080324","CDFW","CDFW","10050620","1","2006","20061005","R","1","01","54",,,"4","6FCSABUT",,"5009","F",,,,"676","0","1","V","1","0601000801","15",,,,"5412051106","1",,"1",,,,"1.49"
"R","4.1","20080324","CDFW","CDFW","9210601","1","2006","20060921","R","1","01","54",,,"4","6FCSABUT",,"5009","F",,,,"732","0","1","V","1","0601000801","15",,,,"5412051106","1",,"1",,,,"1.49"
"R","4.1","20090316","CDFW","CDFW","F09130704","1","2007","20070913","R","1","01","54",,,"4","6FCSABUT",,"5000","F",,,,"850","0","1","V","1","0601000801","15",,,,"FABUTSC07","1",,"1",,,,"1.36"
"R","4.1","20080605","CDFW","CDFW","12133","1","2005","20050715","R","3","13","40","03",,"3","6MO      FRPP","PRSF","5000",,,,,"465","0","1","V","1","0601000802","15",,,,"4014132005","1",,,,,,"3"
"R","4.1","20090316","CDFW","CDFW","F09270701","1","2007","20070927","R","1","01","54",,,"4","6FCSABUT",,"5000","M",,,,"805","0","1","V","1","0601000802","15",,,,"FABUTSC07","1",,"1",,,,"1.36"
"R","4.1","20080324","CDFW","CDFW","17717","1","2006","20060409","R","3","07","40","03",,"3","6MO      PPPS","MNMO","5000",,,,,"678","0","1","V","1","0601000803","15",,,,"4015072006","1",,,,,,"5.06"
"R","4.1","20080324","CDFW","CDFW","10040606","1","2006","20061004","R","1","01","54",,,"4","6FCSABUT",,"5009","F",,,,"612","0","1","V","1","0601000803","15",,,,"5412051106","1",,"1",,,,"1.49"
"R","4.1","20080324","CDFW","CDFW","10050610","1","2006","20061005","R","1","01","54",,,"4","6FCSABUT",,"5009","F",,,,"792","0","1","V","1","0601000803","15",,,,"5412051106","1",,"1",,,,"1.49"
"R","4.1","20090316","CDFW","CDFW","F10090710","1","2007","20071009","R","1","01","54",,,"4","6FCSABUT",,"5000","M",,,,"916","0","1","V","1","0601000803","15",,,,"FABUTSC07","1",,"1",,,,"1.36"
"R","4.1","20090316","CDFW","CDFW","F10230702","1","2007","20071023","R","1","01","54",,,"4","6FCSABUT",,"5000",,,,,"732","0","1","V","1","0601000803","15",,,,"FABUTSC07","1",,"1",,,,"1.36"
"R","4.1","20080324","CDFW","CDFW","16984","1","2006","20060611","R","3","11","40","03",,"3","6MO      FRPP","BOSF","5000",,,,,"513","0","1","V","1","0601000804","15",,,,"4014112006","1",,,,,,"3.04"
"R","4.1","20090316","CDFW","CDFW","F10180703","1","2007","20071018","R","1","01","54",,,"4","6FCSABUT",,"5000","M",,,,"762","0","1","V","1","0601000804","15",,,,"FABUTSC07","1",,"1",,,,"1.36"
"R","4.1","20090316","CDFW","CDFW","F10090704","1","2007","20071009","R","1","01","54",,,"4","6FCSABUT",,"5000","M",,,,"806","0","1","V","1","0601000805","15",,,,"FABUTSC07","1",,"1",,,,"1.36"
"R","4.1","20090316","CDFW","CDFW","24543","1","2007","20070712","R","3","13","10","00",,"3","6MO      PAPR","SFSF","5000",,,,,"711","0","1","V","1","0601000805","15",,,,"1014132007","1",,,,,,"2.71"
"R","4.1","20091112","CDFW","CDFW","F91205","1","2008","20081002","R","1","01","54",,"N","4","6FCSABUT","BUT","5000","M",,,,"893","0","1","V","1","0601000805","15",,,,"08BUT541","1","4","1",,,,"7.71"
"R","4.1","20080324","CDFW","CDFW","90496","1","2006","20060615","R","3","11","40","03",,"3","6MO      FRPP","PRSF","5000",,,,,"514","0","1","V","1","0601000806","15",,,,"4014112006","1",,,,,,"3.04"
"R","4.1","20090316","CDFW","CDFW","F10040707","1","2007","20071004","R","1","01","54",,,"4","6FCSABUT",,"5000","F",,,,"760","0","1","V","1","0601000806","15",,,,"FABUTSC07","1",,"1",,,,"1.36"
"R","4.1","20090316","CDFW","CDFW","F10040710","1","2007","20071004","R","1","01","54",,,"4","6FCSABUT",,"5000","F",,,,"674","0","1","V","1","0601000806","15",,,,"FABUTSC07","1",,"1",,,,"1.36"
"R","4.1","20090316","CDFW","CDFW","F10110704","1","2007","20071011","R","1","01","54",,,"4","6FCSABUT",,"5000","F",,,,"709","0","1","V","1","0601000806","15",,,,"FABUTSC07","1",,"1",,,,"1.36"
"R","4.1","20090316","CDFW","CDFW","F10110711","1","2007","20071011","R","1","01","54",,,"4","6FCSABUT",,"5000","M",,,,"755","0","1","V","1","0601000806","15",,,,"FABUTSC07","1",,"1",,,,"1.36"
"R","4.1","20090316","CDFW","CDFW","22887","1","2007","20070711","R","3","13","10","00",,"3","6MO      PASP","BOSF","5000",,,,,"753","0","1","V","1","0601000806","15",,,,"1014132007","1",,,,,,"2.71"
"R","4.1","20090316","CDFW","CDFW","F10020704","1","2007","20071002","R","1","01","54",,,"4","6FCSABUT",,"5000","F",,,,"700","0","1","V","1","0601000808","15",,,,"FABUTSC07","1",,"1",,,,"1.36"
"R","4.1","20090316","CDFW","CDFW","F09130703","1","2007","20070913","R","1","01","54",,,"4","6FCSABUT",,"5000","F",,,,"771","0","1","V","1","0601000809","15",,,,"FABUTSC07","1",,"1",,,,"1.36"
"R","4.1","20091112","CDFW","CDFW","F91201","1","2008","20081007","R","1","01","54",,"N","4","6FCSABUT","BUT","5000","F",,,,"890","0","1","V","1","0601000809","15",,,,"08BUT541","1","4","1",,,,"7.71"
"R","4.1","20080324","CDFW","CDFW","17016","1","2006","20060702","R","3","13","40","03",,"3","6MO      FRPP","BESF","5000",,,,,"525","0","1","V","1","0601000900","15",,,,"4014132006","1",,,,,,"3.99"
"R","4.1","20080324","CDFW","CDFW","18488","1","2006","20060703","R","3","13","40","03",,"3","6MO      FRPP","BESF","5000",,,,,"509","0","1","V","1","0601000901","15",,,,"4014132006","1",,,,,,"3.99"
"R","4.1","20090316","CDFW","CDFW","F10110703","1","2007","20071011","R","1","01","54",,,"4","6FCSABUT",,"5000","M",,,,"755","0","1","V","1","0601000902","15",,,,"FABUTSC07","1",,"1",,,,"1.36"
"R","4.1","20090316","CDFW","CDFW","F10250701","1","2007","20071025","R","1","01","54",,,"4","6FCSABUT",,"5000","F",,,,"655","0","1","V","1","0601000903","15",,,,"FABUTSC07","1",,"1",,,,"1.36"
"R","4.1","20090316","CDFW","CDFW","F08090701","1","2007","20070809","R","1","01","54",,,"4","6FCSABUT",,"5000","F",,,,"734","0","1","V","1","0601000905","15",,,,"FABUTSC07","1",,"1",,,,"1.36"
"R","4.1","20090316","CDFW","CDFW","F10040711","1","2007","20071004","R","1","01","54",,,"4","6FCSABUT",,"5000","M",,,,"859","0","1","V","1","0601000907","15",,,,"FABUTSC07","1",,"1",,,,"1.36"
"R","4.1","20090316","CDFW","CDFW","F10160702","1","2007","20071016","R","1","01","54",,,"4","6FCSABUT",,"5000","F",,,,"785","0","1","V","1","0601000907","15",,,,"FABUTSC07","1",,"1",,,,"1.36"
"R","4.1","20080324","CDFW","CDFW","18670","1","2006","20060819","R","3","16","10","00",,"3","6MO      PAPR","BOSF","5000",,,,,"646","0","1","V","1","0601000909","15",,,,"1014162006","1",,,,,,"2.77"
"R","4.1","20090316","CDFW","CDFW","F09130701","1","2007","20070913","R","1","01","54",,,"4","6FCSABUT",,"5000","F",,,,"641","0","1","V","1","0601000909","15",,,,"FABUTSC07","1",,"1",,,,"1.36"
"R","4.1","20060410","CDFW","CDFW","34313","1","2000","20000720","R","3","14","10","00",,"3","6MO      FRPP","BOD","5000",,,,,"712","0","1","V","1","0601120112","3",,,,"10141400","1",,,,,,"2.05"
"R","4.1","20060711","CDFW","CDFW","F10202","1","2001","20010918","R","1","01","54",,,"4","6FCSABUT","BUT","5000","M",,,,"920","0","1","V","1","0601120113","3",,,,"5420012001","1",,"1",,,,"1.58"
"R","4.1","20060711","CDFW","CDFW","F10206","1","2001","20010927","R","1","01","54",,,"4","6FCSABUT","BUT","5000","F",,,,"820","0","1","V","1","0601120113","3",,,,"5420012001","1",,"1",,,,"1.58"
"R","4.1","20060410","CDFW","CDFW","43589","1","2000","20000610","R","3","11","40","03",,"3","6MO      FRPP","SAU","5000",,,,,"672","0","1","V","1","0601120201","3",,,,"40141100","1",,,,,,"3.27"
"R","4.1","20060410","CDFW","CDFW","42801","1","2000","20000523","R","3","10","10","00",,"3","6MO      FRPS","SNF","5000",,,,,"617","0","1","V","1","0601120205","3",,,,"10141000","1",,,,,,"4.75"
"R","4.1","20060711","CDFW","CDFW","47136","1","2001","20010925","R","3","18","10","00",,"3","6MO      PRPP","SNF","5000",,,,,"910","0","1","V","1","0601120206","3",,,,"1014182001","1",,,,,,"3.16"
"R","4.1","20060711","CDFW","CDFW","50227","1","2001","20010711","R","3","13","10","00",,"3","6MO      PAPR","BOD","5000",,,,,"681","0","1","V","1","0601120209","3",,,,"1014132001","1",,,,,,"2.8"
"R","4.1","20060711","CDFW","CDFW","F10209","1","2001","20011002","R","1","01","54",,,"4","6FCSABUT","BUT","5000","F",,,,"710","0","1","V","1","0601120210","3",,,,"5420012001","1",,"1",,,,"1.58"
"R","4.1","20060711","CDFW","CDFW","F10215","1","2001","20011004","R","1","01","54",,,"4","6FCSABUT","BUT","5000","F",,,,"608","0","1","V","1","0601120210","3",,,,"5420012001","1",,"1",,,,"1.58"
"R","4.1","20060711","CDFW","CDFW","F10043","1","2002","20020813","R","1","01","54",,,"4","6FCSABUT","BUT","5000","M",,,,"846","0","1","V","1","0601120210","3",,,,"5421012002","1",,"3",,,,"2.14"
"R","4.1","20060410","CDFW","CDFW","29505","1","2000","20000613","R","3","11","40","03",,"3","6MO      FRPP","SAU","5000",,,,,"521","0","1","V","1","0601120211","3",,,,"40141100","1",,,,,,"3.27"
"R","4.1","20060711","CDFW","CDFW","F10213","1","2001","20011003","R","1","01","54",,,"4","6FCSABUT","BUT","5000","F",,,,"740","0","1","V","1","0601120211","3",,,,"5420012001","1",,"1",,,,"1.58"
"R","4.1","20060711","CDFW","CDFW","35565","1","2001","20010730","R","3","14","40","03",,"3","6MO      BGCB","FLD","5000",,,,,"686","0","1","V","1","0601120212","3",,,,"4012142001","1",,,,,,"4.88"
"R","4.1","20060711","CDFW","CDFW","F10201","1","2001","20010611","R","1","01","54",,,"4","6FCSABUT","BUT","5000",,,,,,,,"V","1","0601120212","3",,,,"5420012001","1",,"1",,,,"1.58"
"R","4.1","20060711","CDFW","CDFW","F10210","1","2001","20011002","R","1","01","54",,,"4","6FCSABUT","BUT","5000","F",,,,"720","0","1","V","1","0601120212","3",,,,"5420012001","1",,"1",,,,"1.58"
"R","4.1","20060711","CDFW","CDFW","F10216","1","2001","20011004","R","1","01","54",,,"4","6FCSABUT","BUT","5000","F",,,,"760","0","1","V","1","0601120212","3",,,,"5420012001","1",,"1",,,,"1.58"
"R","4.1","20060711","CDFW","CDFW","F10217","1","2001","20011004","R","1","01","54",,,"4","6FCSABUT","BUT","5000","F",,,,"670","0","1","V","1","0601120212","3",,,,"5420012001","1",,"1",,,,"1.58"
"R","4.1","20060711","CDFW","CDFW","F10221","1","2001","20011011","R","1","01","54",,,"4","6FCSABUT","BUT","5000","M",,,,"770","0","1","V","1","0601120212","3",,,,"5420012001","1",,"1",,,,"1.58"
"R","4.1","20060711","CDFW","CDFW","F10222","1","2001","20011011","R","1","01","54",,,"4","6FCSABUT","BUT","5000","F",,,,"750","0","1","V","1","0601120212","3",,,,"5420012001","1",,"1",,,,"1.58"
"R","4.1","20060711","CDFW","CDFW","F10207","1","2001","20010927","R","1","01","54",,,"4","6FCSABUT","BUT","5000","F",,,,"700","0","1","V","1","0601120213","3",,,,"5420012001","1",,"1",,,,"1.58"
"R","4.1","20060711","CDFW","CDFW","F10220","1","2001","20011009","R","1","01","54",,,"4","6FCSABUT","BUT","5000","F",,,,"690","0","1","V","1","0601120213","3",,,,"5420012001","1",,"1",,,,"1.58"
"R","4.1","20060711","CDFW","CDFW","F10066","1","2002","20021010","R","1","01","54",,,"4","6FCSABUT","BUT","5000","F",,,,"833","0","1","V","1","0601120213","3",,,,"5421012002","1",,"3",,,,"2.14"
"R","4.1","20060711","CDFW","CDFW","48539","1","2001","20010701","R","3","13","40","03",,"3","6MO      OBFK","CRC","5000",,,,,"716","0","1","V","1","0601120214","3",,,,"4011132001","1",,,,,,"4.36"
"R","4.1","20060711","CDFW","CDFW","F10211","1","2001","20011002","R","1","01","54",,,"4","6FCSABUT","BUT","5000","M",,,,"562","0","1","V","1","0601120214","3",,,,"5420012001","1",,"1",,,,"1.58"
"R","4.1","20060711","CDFW","CDFW","45767","1","2001","20010701","R","3","13","40","03",,"3","6MO      SFCV","SHC","5000",,,,,"801","0","1","V","1","0601120215","3",,,,"4013132001","1",,,,,,"4.66"
"R","4.1","20060711","CDFW","CDFW","F10204","1","2001","20010925","R","1","01","54",,,"4","6FCSABUT","BUT","5000","M",,,,"630","0","1","V","1","0601120215","3",,,,"5420012001","1",,"1",,,,"1.58"
"R","4.1T","20090519","ODFW","ODFW","J0304","1","2001","20010423","R","6","17","10","10",,"4","5M2222404O2404  10","2404","5000",,,,,"636","0","1","V","1","0601120215","3",,,,"2001100055","1","4",,,,,"3.57"
"R","4.1","20060711","CDFW","CDFW","F10214","1","2001","20011004","R","1","01","54",,,"4","6FCSABUT","BUT","5000","M",,,,"615","0","1","V","1","0601120303","3",,,,"5420012001","1",,"1",,,,"1.58"
"R","4.1","20060711","CDFW","CDFW","54991","1","2002","20020705","R","3","13","40","03",,"3","6MO      PPPS","MON","5000",,,,,"850","0","1","V","1","0601120307","3",,,,"4015132002","1",,,,,,"3.56"
"R","4.1","20060711","CDFW","CDFW","F35968","1","2002","20021029","R","1","01","50",,,"5","6FCSAFEA FRFH","FRH","5000","F",,,,"885","0","1","V","1","0601120307","3",,,,"5015012002","1",,"3",,,,"1.01"
"R","4.1T","20090519","ODFW","ODFW","J8571","1","2001","20010818","R","6","33","10","10",,"4","5M2222404O2404  10","2404","5000",,,,,"645","0","1","V","1","0601120307","3",,,,"2001100091","1","4",,,,,"2.75"
"R","4.1T","20090519","ODFW","ODFW","J8939","1","2001","20010918","R","6","38","10","10",,"4","5M2222404O2404  10","2404","5000",,,,,"665","0","1","V","1","0601120307","3",,,,"2001100099","1","4",,,,,"2.54"
"R","4.1","20081017","WDFW","WDFW","237730000","1","2002","20020715","R","6","29","40","95",,"4","3M32202","02","5000",,,,,"690","0","1","E","1","0601120308","3",,,,"1119733","1",,,,,,"1.74"
"R","4.1","20060711","CDFW","CDFW","F10205","1","2001","20010925","R","1","01","54",,,"4","6FCSABUT","BUT","5000","M",,,,"460","0","1","V","1","0601120309","3",,,,"5420012001","1",,"1",,,,"1.58"
"R","4.1","20060711","CDFW","CDFW","52271","1","2002","20020629","R","3","12","40","03",,"3","6MO      PRPP","SNF","5000",,,,,"683","0","1","V","1","0601120309","3",,,,"4014122002","1",,,,,,"3.6"
"R","4.1","20060711","CDFW","CDFW","F10047","1","2002","20020926","R","1","01","54",,,"4","6FCSABUT","BUT","5000","M",,,,"739","0","1","V","1","0601120309","3",,,,"5421012002","1",,"3",,,,"2.14"
"R","4.1","20060711","CDFW","CDFW","F10049","1","2002","20021001","R","1","01","54",,,"4","6FCSABUT","BUT","5000","F",,,,"740","0","1","V","1","0601120309","3",,,,"5421012002","1",,"3",,,,"2.14"
"R","4.1","20060711","CDFW","CDFW","F10055","1","2002","20021003","R","1","01","54",,,"4","6FCSABUT","BUT","5000","M",,,,"868","0","1","V","1","0601120309","3",,,,"5421012002","1",,"3",,,,"2.14"
"R","4.1","20060711","CDFW","CDFW","F65513","1","2003","20030812","R","3","06","54",,,"4","6FCSABUT","BUT","5000","M",,,,"831","0","1","V","1","0601120309","3",,,,"5418012003","1",,"1",,,,"2.02"
"R","4.1","20060711","CDFW","CDFW","F65519","1","2003","20030813","R","3","06","54",,,"4","6FCSABUT","BUT","5000","F",,,,"854","0","1","V","1","0601120309","3",,,,"5418012003","1",,"1",,,,"2.02"
"R","4.1","20060711","CDFW","CDFW","F65520","1","2003","20030813","R","3","06","54",,,"4","6FCSABUT","BUT","5000","M",,,,"885","0","1","V","1","0601120309","3",,,,"5418012003","1",,"1",,,,"2.02"
"R","4.1","20060711","CDFW","CDFW","F65530","1","2003","20030828","R","3","06","54",,,"4","6FCSABUT","BUT","5000","M",,,,"793","0","1","V","1","0601120309","3",,,,"5418012003","1",,"1",,,,"2.02"
"R","4.1","20060711","CDFW","CDFW","F65533","1","2003","20030925","R","3","03","54",,,"4","6FCSABUT","BUT","5000","F",,,,"788","0","1","V","1","0601120309","3",,,,"5415012003","1",,"1",,,,"1.53"
"R","4.1","20060711","CDFW","CDFW","46835","1","2002","20020522","R","3","10","10","00",,"3","6MO      PRPP","MOS","5000",,,,,"672","0","1","V","1","0601120310","3",,,,"1015102002","1",,,,,,"5.45"
"R","4.1","20060711","CDFW","CDFW","54325","1","2002","20020528","R","3","10","10","00",,"3","6MO      PPPS","MOS","5000",,,,,"686","0","1","V","1","0601120310","3",,,,"1015102002","1",,,,,,"5.45"
"R","4.1","20060711","CDFW","CDFW","54374","1","2002","20020605","R","3","11","10","00",,"3","6MO      PSMB","MOS","5000",,,,,"770","0","1","V","1","0601120310","3",,,,"1015112002","1",,,,,,"4.53"
"R","4.1","20060711","CDFW","CDFW","56801","1","2002","20020625","R","3","12","40","03",,"3","6MO      PAPR","BOD","5000",,,,,"724","0","1","V","1","0601120310","3",,,,"4014122002","1",,,,,,"3.6"
"R","4.1","20060711","CDFW","CDFW","57913","1","2002","20020628","R","3","12","10","00",,"3","6MO      PRPP","SNF","5000",,,,,"701","0","1","V","1","0601120310","3",,,,"1014122002","1",,,,,,"3.22"
"R","4.1","20060711","CDFW","CDFW","F10040","1","2002","20020731","R","1","01","54",,,"4","6FCSABUT","BUT","5000","M",,,,"797","0","1","V","1","0601120310","3",,,,"5421012002","1",,"3",,,,"2.14"
"R","4.1","20060711","CDFW","CDFW","F10045","1","2002","20020924","R","1","01","54",,,"4","6FCSABUT","BUT","5000","M",,,,"743","0","1","V","1","0601120310","3",,,,"5421012002","1",,"3",,,,"2.14"
"R","4.1","20060711","CDFW","CDFW","F10048","1","2002","20021001","R","1","01","54",,,"4","6FCSABUT","BUT","5000","F",,,,"718","0","1","V","1","0601120310","3",,,,"5421012002","1",,"3",,,,"2.14"
"R","4.1","20060711","CDFW","CDFW","F10050","1","2002","20021003","R","1","01","54",,,"4","6FCSABUT","BUT","5000","M",,,,"711","0","1","V","1","0601120310","3",,,,"5421012002","1",,"3",,,,"2.14"
"R","4.1","20060711","CDFW","CDFW","F10052","1","2002","20021003","R","1","01","54",,,"4","6FCSABUT","BUT","5000","M",,,,"732","0","1","V","1","0601120310","3",,,,"5421012002","1",,"3",,,,"2.14"
"R","4.1","20060711","CDFW","CDFW","F10059","1","2002","20021010","R","1","01","54",,,"4","6FCSABUT","BUT","5000","F",,,,"630","0","1","V","1","0601120310","3",,,,"5421012002","1",,"3",,,,"2.14"
"R","4.1","20060711","CDFW","CDFW","F10065","1","2002","20021010","R","1","01","54",,,"4","6FCSABUT","BUT","5000","M",,,,"798","0","1","V","1","0601120310","3",,,,"5421012002","1",,"3",,,,"2.14"
"R","4.1","20060711","CDFW","CDFW","F65503","1","2003","20030731","R","3","06","54",,,"4","6FCSABUT","BUT","5000","F",,,,"793","0","1","V","1","0601120310","3",,,,"5418012003","1",,"1",,,,"2.02"
"R","4.1","20060711","CDFW","CDFW","F65510","1","2003","20030812","R","3","06","54",,,"4","6FCSABUT","BUT","5000","F",,,,"892","0","1","V","1","0601120310","3",,,,"5418012003","1",,"1",,,,"2.02"
"R","4.1","20060711","CDFW","CDFW","F65532","1","2003","20030902","R","3","06","54",,,"4","6FCSABUT","BUT","5000","F",,,,"847","0","1","V","1","0601120310","3",,,,"5418012003","1",,"1",,,,"2.02"
"R","4.1","20060711","CDFW","CDFW","F65539","1","2003","20031002","R","3","03","54",,,"4","6FCSABUT","BUT","5000","M",,,,"901","0","1","V","1","0601120310","3",,,,"5415012003","1",,"1",,,,"1.53"
"R","4.1","20060711","CDFW","CDFW","F65544","1","2003","20031009","R","3","03","54",,,"4","6FCSABUT","BUT","5000","M",,,,"949","0","1","V","1","0601120310","3",,,,"5415012003","1",,"1",,,,"1.53"
"R","4.1","20060711","CDFW","CDFW","44358","1","2002","20020724","R","3","14","10","00",,"3","6MO      SFPA","FTB","5000",,,,,"740","0","1","V","1","0601120311","3",,,,"1013142002","1",,,,,,"1.37"
"R","4.1","20060711","CDFW","CDFW","52114","1","2002","20020331","R","3","06","40","03",,"3","6MO      PPPS","MON","5000",,,,,"713","0","1","V","1","0601120311","3",,,,"4015062002","1",,,,,,"4.51"
"R","4.1","20060711","CDFW","CDFW","54407","1","2002","20020613","R","3","11","10","00",,"3","6MO      PRPP","MOS","5000",,,,,"691","0","1","V","1","0601120311","3",,,,"1015112002","1",,,,,,"4.53"
"R","4.1","20060711","CDFW","CDFW","59211","1","2002","20020724","R","3","14","10","00",,"3","6MO      SFPA","FTB","5000",,,,,"735","0","1","V","1","0601120311","3",,,,"1013142002","1",,,,,,"1.37"
"R","4.1","20060711","CDFW","CDFW","59550","1","2002","20020725","R","3","14","10","00",,"3","6MO      PRPP","MOS","5000",,,,,"704","0","1","V","1","0601120311","3",,,,"1015142002","1",,,,,,"3.67"
"R","4.1","20060711","CDFW","CDFW","F10044","1","2002","20020821","R","1","01","54",,,"4","6FCSABUT","BUT","5000","F",,,,"764","0","1","V","1","0601120311","3",,,,"5421012002","1",,"3",,,,"2.14"
"R","4.1","20060711","CDFW","CDFW","F10051","1","2002","20021003","R","1","01","54",,,"4","6FCSABUT","BUT","5000","M",,,,"694","0","1","V","1","0601120311","3",,,,"5421012002","1",,"3",,,,"2.14"
"R","4.1","20060711","CDFW","CDFW","F10056","1","2002","20021003","R","1","01","54",,,"4","6FCSABUT","BUT","5000","F",,,,"694","0","1","V","1","0601120311","3",,,,"5421012002","1",,"3",,,,"2.14"
"R","4.1","20060711","CDFW","CDFW","F10063","1","2002","20021010","R","1","01","54",,,"4","6FCSABUT","BUT","5000","F",,,,"698","0","1","V","1","0601120311","3",,,,"5421012002","1",,"3",,,,"2.14"
"R","4.1","20060711","CDFW","CDFW","F65549","1","2003","20031023","R","3","03","54",,,"4","6FCSABUT","BUT","5000","F",,,,"835","0","1","V","1","0601120311","3",,,,"5415012003","1",,"1",,,,"1.53"
"R","4.1","20170504","ODFW","ODFW","J2015","1","2002","20020423","R","6","17","10","10","N","4","5M2223405O3405  10","3405","5000",,,,,"592","0","1","V","1","0601120311","3",,,,"2002100121","1","4",,,,,"3.24"
"R","4.1","20060711","CDFW","CDFW","F10060","1","2002","20021010","R","1","01","54",,,"4","6FCSABUT","BUT","5000","M",,,,"681","0","1","V","1","0601120312","3",,,,"5421012002","1",,"3",,,,"2.14"
"R","4.1","20060711","CDFW","CDFW","F10064","1","2002","20021010","R","1","01","54",,,"4","6FCSABUT","BUT","5000","F",,,,"713","0","1","V","1","0601120312","3",,,,"5421012002","1",,"3",,,,"2.14"
"R","4.1","20060711","CDFW","CDFW","F65523","1","2003","20030818","R","3","06","54",,,"4","6FCSABUT","BUT","5000","F",,,,"732","0","1","V","1","0601120312","3",,,,"5418012003","1",,"1",,,,"2.02"
"R","4.1","20060711","CDFW","CDFW","F65524","1","2003","20030818","R","3","06","54",,,"4","6FCSABUT","BUT","5000","F",,,,"907","0","1","V","1","0601120312","3",,,,"5418012003","1",,"1",,,,"2.02"
"R","4.1","20060711","CDFW","CDFW","F65537","1","2003","20031002","R","3","03","54",,,"4","6FCSABUT","BUT","5000","F",,,,"843","0","1","V","1","0601120312","3",,,,"5415012003","1",,"1",,,,"1.53"
"R","4.1","20170504","ODFW","ODFW","D2544","1","2002","20020925","R","6","39","10","10","N","4","5M2221003O1003  10","1003","5000",,,,,"743","0","1","V","1","0601120312","3",,,,"2002100057","1","4",,,,,"1.6"
"R","4.1","20060711","CDFW","CDFW","56676","1","2002","20020714","R","3","13","10","00",,"3","6MO      PRPP","SNF","5000",,,,,"692","0","1","V","1","0601120313","3",,,,"1014132002","1",,,,,,"3.29"
"R","4.1","20060711","CDFW","CDFW","58078","1","2002","20020712","R","3","13","10","00",,"3","6MO      PRPP","PRI","5000",,,,,"747","0","1","V","1","0601120313","3",,,,"1014132002","1",,,,,,"3.29"
"R","4.1","20060711","CDFW","CDFW","F10067","1","2002","20021017","R","1","01","54",,,"4","6FCSABUT","BUT","5000","M",,,,"668","0","1","V","1","0601120313","3",,,,"5421012002","1",,"3",,,,"2.14"
"R","4.1","20060711","CDFW","CDFW","F65509","1","2003","20030812","R","3","06","54",,,"4","6FCSABUT","BUT","5000","F",,,,"797","0","1","V","1","0601120313","3",,,,"5418012003","1",,"1",,,,"2.02"
"R","4.1","20060711","CDFW","CDFW","F65546","1","2003","20031009","R","3","03","54",,,"4","6FCSABUT","BUT","5000","M",,,,"818","0","1","V","1","0601120313","3",,,,"5415012003","1",,"1",,,,"1.53"
"R","4.1","20060711","CDFW","CDFW","F65547","1","2003","20031009","R","3","03","54",,,"4","6FCSABUT","BUT","5000","M",,,,"900","0","1","V","1","0601120313","3",,,,"5415012003","1",,"1",,,,"1.53"
"R","4.1","20060711","CDFW","CDFW","65133","1","2003","20030701","R","3","13","10","00",,"3","6MO      PRPP","SNF","5000",,,,,"703","0","1","V","1","0601120402","3",,,,"1014132003","1",,,,,,"3.91"
"R","4.1","20060711","CDFW","CDFW","F65506","1","2003","20030807","R","3","06","54",,,"4","6FCSABUT","BUT","5000","F",,,,"784","0","1","V","1","0601120402","3",,,,"5418012003","1",,"1",,,,"2.02"
"R","4.1","20060711","CDFW","CDFW","F65541","1","2003","20031007","R","3","03","54",,,"4","6FCSABUT","BUT","5000","M",,,,"702","0","1","V","1","0601120402","3",,,,"5415012003","1",,"1",,,,"1.53"
"R","4.1","20060711","CDFW","CDFW","F70313","1","2004","20041014","R","1","01","54",,,"4","6FCSABUT","BUT","5000","F",,,,"870","0","1","V","1","0601120402","3",,,,"5415012004","1",,"1",,,,"2.15"
"R","4.1","20090610","ODFW","ODFW","W4637","1","2003","20030731","R","6","31","10","10",,"4","5M2223405O3405  10","3405","5000",,,,,"720","0","1","V","1","0601120402","3",,,,"2003100133","1","4",,,,,"2.7"
"R","4.1","20090610","ODFW","ODFW","W5909","1","2003","20030806","R","6","32","40","11",,"4","5M2223205O3205  11","3205","5000",,,,,"712","0","1","V","1","0601120402","3",,,,"2003110163","1","4",,,,,"3.69"
"R","4.1","20060711","CDFW","CDFW","F65528","1","2003","20030826","R","3","06","54",,,"4","6FCSABUT","BUT","5000","F",,,,"712","0","1","V","1","0601120403","3",,,,"5418012003","1",,"1",,,,"2.02"
"R","4.1","20060711","CDFW","CDFW","58415","1","2002","20020703","R","3","13","40","03",,"3","6MO      PRPP","SAU","5000",,,,,"600","0","1","V","1","0601120404","3",,,,"4014132002","1",,,,,,"4.31"
"R","4.1","20060711","CDFW","CDFW","F65527","1","2003","20030821","R","3","06","54",,,"4","6FCSABUT","BUT","5000","F",,,,"626","0","1","V","1","0601120404","3",,,,"5418012003","1",,"1",,,,"2.02"
"R","4.1","20060711","CDFW","CDFW","F65508","1","2003","20030812","R","3","06","54",,,"4","6FCSABUT","BUT","5000","M",,,,"733","0","1","V","1","0601120405","3",,,,"5418012003","1",,"1",,,,"2.02"
"R","4.1","20060711","CDFW","CDFW","F65518","1","2003","20030813","R","3","06","54",,,"4","6FCSABUT","BUT","5000","F",,,,"690","0","1","V","1","0601120405","3",,,,"5418012003","1",,"1",,,,"2.02"
"R","4.1","20060711","CDFW","CDFW","F65535","1","2003","20030930","R","3","03","54",,,"4","6FCSABUT","BUT","5000","M",,,,"753","0","1","V","1","0601120405","3",,,,"5415012003","1",,"1",,,,"1.53"
"R","4.1","20060711","CDFW","CDFW","F65538","1","2003","20031002","R","3","03","54",,,"4","6FCSABUT","BUT","5000","M",,,,"754","0","1","V","1","0601120405","3",,,,"5415012003","1",,"1",,,,"1.53"
"R","4.1","20060711","CDFW","CDFW","F65540","1","2003","20031007","R","3","03","54",,,"4","6FCSABUT","BUT","5000","F",,,,"700","0","1","V","1","0601120405","3",,,,"5415012003","1",,"1",,,,"1.53"
"R","4.1","20060711","CDFW","CDFW","F65545","1","2003","20031009","R","3","03","54",,,"4","6FCSABUT","BUT","5000","M",,,,"694","0","1","V","1","0601120405","3",,,,"5415012003","1",,"1",,,,"1.53"
"R","4.1","20060711","CDFW","CDFW","64545","1","2003","20030605","R","3","11","10","00",,"3","6MO      PAPP","PRI","5000",,,,,"711","0","1","V","1","0601120406","3",,,,"1014112003","1",,,,,,"3.12"
"R","4.1","20060711","CDFW","CDFW","F65507","1","2003","20030812","R","3","06","54",,,"4","6FCSABUT","BUT","5000","F",,,,"667","0","1","V","1","0601120406","3",,,,"5418012003","1",,"1",,,,"2.02"
"R","4.1","20060711","CDFW","CDFW","F65521","1","2003","20030813","R","3","06","54",,,"4","6FCSABUT","BUT","5000","M",,,,"755","0","1","V","1","0601120406","3",,,,"5418012003","1",,"1",,,,"2.02"
"R","4.1","20060711","CDFW","CDFW","F65525","1","2003","20030818","R","3","06","54",,,"4","6FCSABUT","BUT","5000","M",,,,"665","0","1","V","1","0601120406","3",,,,"5418012003","1",,"1",,,,"2.02"
"R","4.1","20060711","CDFW","CDFW","F65531","1","2003","20030828","R","3","06","54",,,"4","6FCSABUT","BUT","5000","F",,,,"698","0","1","V","1","0601120406","3",,,,"5418012003","1",,"1",,,,"2.02"
"R","4.1","20060711","CDFW","CDFW","F65536","1","2003","20030930","R","3","03","54",,,"4","6FCSABUT","BUT","5000","M",,,,"670","0","1","V","1","0601120406","3",,,,"5415012003","1",,"1",,,,"1.53"
"R","4.1","20060711","CDFW","CDFW","F65563","1","2003","20031111","R","1","01","54",,,"4","6FCSABUT","BUT","5000","M",,,,"861","0","1","V","1","0601120406","3",,,,"5425012003","1",,"3",,,,"1.83"
"R","4.1","20060711","CDFW","CDFW","F65511","1","2003","20030812","R","3","06","54",,,"4","6FCSABUT","BUT","5000","F",,,,"702","0","1","V","1","0601120407","3",,,,"5418012003","1",,"1",,,,"2.02"
"R","4.1","20060711","CDFW","CDFW","63283","1","2003","20030721","R","3","14","40","03",,"3","6MO      SFCV","SHC","5000",,,,,"713","0","1","V","1","0601120408","3",,,,"4013142003","1",,,,,,"4.4"
"R","4.1","20060711","CDFW","CDFW","F65515","1","2003","20030813","R","3","06","54",,,"4","6FCSABUT","BUT","5000","F",,,,"738","0","1","V","1","0601120408","3",,,,"5418012003","1",,"1",,,,"2.02"
"R","4.1","20060711","CDFW","CDFW","F70304","1","2004","20041007","R","1","01","54",,,"4","6FCSABUT","BUT","5000","M",,,,"780","0","1","V","1","0601120408","3",,,,"5415012004","1",,"1",,,,"2.15"
"R","4.1","20080324","CDFW","CDFW","18498","1","2006","20060603","R","3","11","40","03",,"3","6MO      FRPP","BESF","5000",,,,,"510","0","1","V","1","0602010000","15",,,,"4014112006","1",,,,,,"3.04"
"R","4.1","20090316","CDFW","CDFW","F10090713","1","2007","20071009","R","1","01","54",,,"4","6FCSABUT",,"5000","M",,,,"808","0","1","V","1","0602010000","15",,,,"FABUTSC07","1",,"1",,,,"1.36"
"R","4.1","20090316","CDFW","CDFW","23846","1","2007","20070712","R","3","13","10","00",,"3","6MO      PAPR","BOSF","5000",,,,,"782","0","1","V","1","0602010000","15",,,,"1014132007","1",,,,,,"2.71"
"R","4.1","20080324","CDFW","CDFW","18502","1","2006","20060704","R","3","13","40","03",,"3","6MO      CVNH","FBFB","5000",,,,,"492","0","1","V","1","0602010002","15",,,,"4013132006","1",,,,,,"4.2"
"R","4.1","20080324","CDFW","CDFW","19503","1","2006","20060726","R","3","14","40","03",,"3","6MO      FRPP","BOSF","5000",,,,,"585","0","1","V","1","0602010002","15",,,,"4014142006","1",,,,,,"4.19"
"R","4.1","20090316","CDFW","CDFW","24964","1","2007","20070712","R","3","13","10","00",,"3","6MO      PAPR","SFSF","5000",,,,,"714","0","1","V","1","0602010002","15",,,,"1014132007","1",,,,,,"2.71"
"R","4.1","20090316","CDFW","CDFW","16497","1","2007","20070712","R","3","13","10","00",,"3","6MO      PAPR","BOSF","5000",,,,,"688","0","1","V","1","0602010002","15",,,,"1014132007","1",,,,,,"2.71"
"R","4.1","20091112","CDFW","CDFW","F91204","1","2008","20081002","R","1","01","54",,"N","4","6FCSABUT","BUT","5000","F",,,,"879","0","1","V","1","0602010002","15",,,,"08BUT541","1","4","1",,,,"7.71"
"R","4.1","20080324","CDFW","CDFW","18459","1","2006","20060611","R","3","11","40","03",,"3","6MO      FRPP","BESF","5000",,,,,"430","0","1","V","1","0602010003","15",,,,"4014112006","1",,,,,,"3.04"
"R","4.1","20090316","CDFW","CDFW","F10040718","1","2007","20071004","R","1","01","54",,,"4","6FCSABUT",,"5000","M",,,,"861","0","1","V","1","0602010003","15",,,,"FABUTSC07","1",,"1",,,,"1.36"
"R","4.1","20090316","CDFW","CDFW","F10160701","1","2007","20071016","R","1","01","54",,,"4","6FCSABUT",,"5000","F",,,,"755","0","1","V","1","0602010004","15",,,,"FABUTSC07","1",,"1",,,,"1.36"
"R","4.1","20090316","CDFW","CDFW","F10040723","1","2007","20071004","R","1","01","54",,,"4","6FCSABUT",,"5000","M",,,,"837","0","1","V","1","0602010005","15",,,,"FABUTSC07","1",,"1",,,,"1.36"
"R","4.1","20090316","CDFW","CDFW","F10250702","1","2007","20071025","R","1","01","54",,,"4","6FCSABUT",,"5000","M",,,,"894","0","1","V","1","0602010005","15",,,,"FABUTSC07","1",,"1",,,,"1.36"
"R","4.1","20090316","CDFW","CDFW","F10040708","1","2007","20071004","R","1","01","54",,,"4","6FCSABUT",,"5000","F",,,,"651","0","1","V","1","0602010006","15",,,,"FABUTSC07","1",,"1",,,,"1.36"
"R","4.1","20090316","CDFW","CDFW","F10110709","1","2007","20071011","R","1","01","54",,,"4","6FCSABUT",,"5000","M",,,,"712","0","1","V","1","0602010006","15",,,,"FABUTSC07","1",,"1",,,,"1.36"
"R","4.1","20090316","CDFW","CDFW","F10160703","1","2007","20071016","R","1","01","54",,,"4","6FCSABUT",,"5000","F",,,,"701","0","1","V","1","0602010006","15",,,,"FABUTSC07","1",,"1",,,,"1.36"
"R","4.1","20090316","CDFW","CDFW","F10030701","1","2007","20071003","R","1","01","54",,,"4","6FCSABUT",,"5000","M",,,,"771","0","1","V","1","0602010007","15",,,,"FABUTSC07","1",,"1",,,,"1.36"
"R","4.1","20090316","CDFW","CDFW","F10170701","1","2007","20071017","R","1","01","54",,,"4","6FCSABUT",,"5000","M",,,,"803","0","1","V","1","0602010008","15",,,,"FABUTSC07","1",,"1",,,,"1.36"
"R","4.1","20090316","CDFW","CDFW","F07260701","1","2007","20070726","R","1","01","54",,,"4","6FCSABUT",,"5000","F",,,,,,,"V","1","0602010100","15",,,,"FABUTSC07","1",,"1",,,,"1.36"
"R","4.1","20090316","CDFW","CDFW","F10040725","1","2007","20071004","R","1","01","54",,,"4","6FCSABUT",,"5000","M",,,,"815","0","1","V","1","0602010100","15",,,,"FABUTSC07","1",,"1",,,,"1.36"
"R","4.1","20090316","CDFW","CDFW","F10040709","1","2007","20071004","R","1","01","54",,,"4","6FCSABUT",,"5000","F",,,,"804","0","1","V","1","0602010104","15",,,,"FABUTSC07","1",,"1",,,,"1.36"
"R","4.1","20090316","CDFW","CDFW","F10230703","1","2007","20071023","R","1","01","54",,,"4","6FCSABUT",,"5000","F",,,,"713","0","1","V","1","0602010108","15",,,,"FABUTSC07","1",,"1",,,,"1.36"
"R","4.1","20091112","CDFW","CDFW","F91202","1","2008","20080828","R","1","01","54",,"N","4","6FCSABUT","BUT","5000","F",,,,"671","0","1","V","1","0602010109","15",,,,"08BUT541","1","4","1",,,,"7.71"
"R","4.1","20101208","CDFW","CDFW","F97233","1","2009","20091007","R","1","01","54",,"N","4","6FCSABUT","BUT","5000","M",,,,"768","0","1","V","1","0602010200","15",,,,"09BUT541","1",,,,,,"1.18"
"R","4.1","20101208","CDFW","CDFW","F97231","1","2009","20091007","R","1","01","54",,"N","4","6FCSABUT","BUT","5000","F",,,,"723","0","1","V","1","0602010302","15",,,,"09BUT541","1",,,,,,"1.18"
"R","4.1","20101208","CDFW","CDFW","F97236","1","2009","20090930","R","1","01","54",,"N","4","6FCSABUT","BUT","5000",,,,,"825","0","1","V","1","0602010302","15",,,,"09BUT541","1",,,,,,"1.18"
"R","4.1","20101208","CDFW","CDFW","F97232","1","2009","20091007","R","1","01","54",,"N","4","6FCSABUT","BUT","5000","M",,,,"785","0","1","V","1","0602010303","15",,,,"09BUT541","1",,,,,,"1.18"
"R","4.1","20120210","CDFW","CDFW","F10071003","1","2010","20101007","R","1","01","54",,"N","4","6FCSABUT","BUTT","5000","M",,,,"725","0","1","V","1","0602010304","15",,,,"BUT54110","1","4","1",,,,"1.78"
"R","4.1","20101208","CDFW","CDFW","F88045","1","2009","20091007","R","1","01","54",,"N","4","6FCSABUT","BUT","5000","F",,,,"762","0","1","V","1","0602010307","15",,,,"09BUT541","1",,,,,,"1.18"
"R","4.1","20120210","CDFW","CDFW","F10071004","1","2010","20101007","R","1","01","54",,"N","4","6FCSABUT","BUTT","5000","F",,,,"901","0","1","V","1","0602010307","15",,,,"BUT54110","1","4","1",,,,"1.78"
"R","4.1","20120210","CDFW","CDFW","F9301004","1","2010","20100930","R","1","01","54",,"N","4","6FCSABUT","BUTT","5000","F",,,,"781","0","1","V","1","0602010402","15",,,,"BUT54110","1","4","1",,,,"1.78"
"R","4.1","20120210","CDFW","CDFW","34183","1","2010","20100727","R","3","14","10",,"N","3","6MO      SFPA","FBFB","5000",,,,,"802","0","1","V","1","0602010407","15",,,,"1013142010","1",,,,,,"1.57"
"R","4.1","20120210","CDFW","CDFW","F10071001","1","2010","20101007","R","1","01","54",,"N","4","6FCSABUT","BUTT","5000","F",,,,"603","0","1","V","1","0602010407","15",,,,"BUT54110","1","4","1",,,,"1.78"
"R","4.1","20120210","CDFW","CDFW","F10011002","1","2010","20101001","R","1","01","54",,"N","4","6FCSABUT","BUTT","5000","M",,,,"680","0","1","V","1","0602010500","15",,,,"BUT54110","1","4","1",,,,"1.78"
"R","4.1","20120210","CDFW","CDFW","F10081001","1","2010","20101008","R","1","01","54",,"N","4","6FCSABUT","BUTT","5000","M",,,,"725","0","1","V","1","0602010508","15",,,,"BUT54110","1","4","1",,,,"1.78"
"R","4.1","20020414","CDFW","CDFW","23378","1","1998","19980508","R","3","09","10","00",,"3","6MO      PSMB","MOR","5000",,,,,"678","0","1","V","1","B61201","2",,,,"0","1",,,,,,"2.86"
"R","4.1","20020414","CDFW","CDFW","36406","1","1998","19980417","R","3","08","40","03",,"3","6MO      FRPP","BOD","5000",,,,,"594","0","1","V","1","B61202","2",,,,"0","1",,,,,,"2.64"
"R","4.1","20020414","CDFW","CDFW","36704","1","1998","19980429","R","3","08","40","03",,"3","6MO      FRPP","BER","5000",,,,,"555","0","1","V","1","B61202","2",,,,"0","1",,,,,,"2.64"
